"Site Crawled","https://magicworksitsolutions.com/"
"Start Date","2026-06-23"
"Start Time","10:06:37"
"Last Modified Date","2026-06-23"
"Last Modified Time","10:07:00"
"Elapsed","00:00:22"
"Report Date","2026-06-23"
"Report Time","10:13:47"
""
"Summary","URLs","% of Total","Total URLs","Total URLs Description"
"Total URLs Encountered","228","100.00%","228","URLs Encountered"
"Total URLs Crawled","226","99.12%","228","URLs Encountered"
"Total Internal blocked by robots.txt","0","0.00%","228","URLs Encountered"
"Total External blocked by robots.txt","2","0.88%","228","URLs Encountered"
""
"URLs Displayed","228","100.00%","228","URLs Displayed"
"Total Internal URLs","212","92.98%","228","URLs Displayed"
"Total External URLs","16","7.02%","228","URLs Displayed"
"Total Internal Indexable URLs","179","78.51%","228","URLs Displayed"
"Total Internal Non-Indexable URLs","33","14.47%","228","URLs Displayed"
""
"Internal"
"All","212","100.00%","212","Internal URLs"
"HTML","132","62.26%","212","Internal URLs"
"JavaScript","25","11.79%","212","Internal URLs"
"CSS","1","0.47%","212","Internal URLs"
"Images","54","25.47%","212","Internal URLs"
"Media","0","0.00%","212","Internal URLs"
"Fonts","0","0.00%","212","Internal URLs"
"XML","0","0.00%","212","Internal URLs"
"PDF","0","0.00%","212","Internal URLs"
"Plugins","0","0.00%","212","Internal URLs"
"Other","0","0.00%","212","Internal URLs"
"Unknown","0","0.00%","212","Internal URLs"
""
"External"
"All","16","100.00%","16","External URLs"
"HTML","12","75.00%","16","External URLs"
"JavaScript","0","0.00%","16","External URLs"
"CSS","0","0.00%","16","External URLs"
"Images","0","0.00%","16","External URLs"
"Media","0","0.00%","16","External URLs"
"Fonts","0","0.00%","16","External URLs"
"XML","0","0.00%","16","External URLs"
"PDF","0","0.00%","16","External URLs"
"Plugins","0","0.00%","16","External URLs"
"Other","2","12.50%","16","External URLs"
"Unknown","2","12.50%","16","External URLs"
""
"Security"
"All","212","100.00%","212","All internal and non-HTML external URLs"
"HTTP URLs","0","0.00%","212","All internal and non-HTML external URLs"
"HTTPS URLs","212","100.00%","212","All internal and non-HTML external URLs"
"Mixed Content","0","0.00%","212","All internal and non-HTML external URLs"
"Form URL Insecure","0","0.00%","212","All internal and non-HTML external URLs"
"Form on HTTP URL","0","0.00%","212","All internal and non-HTML external URLs"
"Unsafe Cross-Origin Links","0","0.00%","212","All internal and non-HTML external URLs"
"Protocol-Relative Resource Links","0","0.00%","212","All internal and non-HTML external URLs"
"Missing HSTS Header","0","0.00%","212","All internal and non-HTML external URLs"
"Missing Content-Security-Policy Header","127","59.91%","212","All internal and non-HTML external URLs"
"Missing X-Content-Type-Options Header","181","85.38%","212","All internal and non-HTML external URLs"
"Missing X-Frame-Options Header","181","85.38%","212","All internal and non-HTML external URLs"
"Missing Secure Referrer-Policy Header","181","85.38%","212","All internal and non-HTML external URLs"
"Bad Content Type","0","0.00%","212","All internal and non-HTML external URLs"
""
"Response Codes"
"All","228","100.00%","228","All Internal & External Crawled URLs"
"Blocked by Robots.txt","2","0.88%","228","All Internal & External Crawled URLs"
"Blocked Resource","0","0.00%","228","All Internal & External Crawled URLs"
"No Response","0","0.00%","228","All Internal & External Crawled URLs"
"Success (2xx)","190","83.33%","228","All Internal & External Crawled URLs"
"Redirection (3xx)","36","15.79%","228","All Internal & External Crawled URLs"
"Redirection (JavaScript)","0","0.00%","228","All Internal & External Crawled URLs"
"Redirection (Meta Refresh)","0","0.00%","228","All Internal & External Crawled URLs"
"Redirection (HTTP Refresh)","0","0.00%","228","All Internal & External Crawled URLs"
"Client Error (4xx)","0","0.00%","228","All Internal & External Crawled URLs"
"Server Error (5xx)","0","0.00%","228","All Internal & External Crawled URLs"
"Internal All","212","92.98%","228","All Internal Crawled URLs"
"Internal Blocked by Robots.txt","0","0.00%","228","All Internal Crawled URLs"
"Internal Blocked Resource","0","0.00%","228","All Internal Crawled URLs"
"Internal No Response","0","0.00%","228","All Internal Crawled URLs"
"Internal Success (2xx)","181","79.39%","228","All Internal Crawled URLs"
"Internal Redirection (3xx)","31","13.60%","228","All Internal Crawled URLs"
"Internal Redirection (JavaScript)","0","0.00%","228","All Internal Crawled URLs"
"Internal Redirection (Meta Refresh)","0","0.00%","228","All Internal Crawled URLs"
"Internal Redirection (HTTP Refresh)","0","0.00%","228","All Internal Crawled URLs"
"Internal Redirect Chain","0","0.00%","228","All Internal Crawled URLs"
"Internal Redirect Loop","0","0.00%","228","All Internal Crawled URLs"
"Internal Client Error (4xx)","0","0.00%","228","All Internal Crawled URLs"
"Internal Server Error (5xx)","0","0.00%","228","All Internal Crawled URLs"
"External All","16","7.02%","228","All External Crawled URLs"
"External Blocked by Robots.txt","2","0.88%","228","All External Crawled URLs"
"External Blocked Resource","0","0.00%","228","All External Crawled URLs"
"External No Response","0","0.00%","228","All External Crawled URLs"
"External Success (2xx)","9","3.95%","228","All External Crawled URLs"
"External Redirection (3xx)","5","2.19%","228","All External Crawled URLs"
"External Redirection (JavaScript)","0","0.00%","228","All External Crawled URLs"
"External Redirection (Meta Refresh)","0","0.00%","228","All External Crawled URLs"
"External Redirection (HTTP Refresh)","0","0.00%","228","All External Crawled URLs"
"External Client Error (4xx)","0","0.00%","228","All External Crawled URLs"
"External Server Error (5xx)","0","0.00%","228","All External Crawled URLs"
""
"URL"
"All","212","100.00%","212","Internal URLs"
"Non ASCII Characters","0","0.00%","212","Internal URLs"
"Underscores","0","0.00%","212","Internal URLs"
"Uppercase","0","0.00%","212","Internal URLs"
"Multiple Slashes","0","0.00%","212","Internal URLs"
"Repetitive Path","0","0.00%","212","Internal URLs"
"Contains Space","0","0.00%","212","Internal URLs"
"Internal Search","0","0.00%","212","Internal URLs"
"Parameters","0","0.00%","212","Internal URLs"
"Broken Bookmark","0","0.00%","212","Internal URLs"
"GA Tracking Parameters","0","0.00%","212","Internal URLs"
"Over 115 Characters","4","1.89%","212","Internal URLs"
""
"Page Titles"
"All","101","100.00%","101","Internal HTML pages with 2xx response"
"Missing","0","0.00%","101","Internal HTML pages with 2xx response"
"Duplicate","0","0.00%","101","Internal HTML pages with 2xx response"
"Over 60 Characters","66","65.35%","101","Internal HTML pages with 2xx response"
"Below 30 Characters","5","4.95%","101","Internal HTML pages with 2xx response"
"Over 561 Pixels","66","65.35%","101","Internal HTML pages with 2xx response"
"Below 200 Pixels","2","1.98%","101","Internal HTML pages with 2xx response"
"Same as H1","0","0.00%","101","Internal HTML pages with 2xx response"
"Multiple","0","0.00%","101","Internal HTML pages with 2xx response"
"Outside <head>","0","0.00%","101","Internal HTML pages with 2xx response"
""
"Meta Description"
"All","101","100.00%","101","Internal HTML pages with 2xx response"
"Missing","0","0.00%","101","Internal HTML pages with 2xx response"
"Duplicate","0","0.00%","101","Internal HTML pages with 2xx response"
"Over 155 Characters","48","47.52%","101","Internal HTML pages with 2xx response"
"Below 70 Characters","0","0.00%","101","Internal HTML pages with 2xx response"
"Over 985 Pixels","56","55.45%","101","Internal HTML pages with 2xx response"
"Below 400 Pixels","0","0.00%","101","Internal HTML pages with 2xx response"
"Multiple","0","0.00%","101","Internal HTML pages with 2xx response"
"Outside <head>","0","0.00%","101","Internal HTML pages with 2xx response"
""
"Meta Keywords"
"All","101","100.00%","101","Internal HTML pages with 2xx response"
"Missing","0","0.00%","101","Internal HTML pages with 2xx response"
"Duplicate","73","72.28%","101","Internal HTML pages with 2xx response"
"Multiple","0","0.00%","101","Internal HTML pages with 2xx response"
""
"H1"
"All","101","100.00%","101","Internal HTML pages with 2xx response"
"Missing","0","0.00%","101","Internal HTML pages with 2xx response"
"Duplicate","0","0.00%","101","Internal HTML pages with 2xx response"
"Over 70 Characters","36","35.64%","101","Internal HTML pages with 2xx response"
"Multiple","0","0.00%","101","Internal HTML pages with 2xx response"
"Alt Text in H1","0","0.00%","101","Internal HTML pages with 2xx response"
"Non-Sequential","0","0.00%","101","Internal HTML pages with 2xx response"
""
"H2"
"All","101","100.00%","101","Internal HTML pages with 2xx response"
"Missing","0","0.00%","101","Internal HTML pages with 2xx response"
"Duplicate","70","69.31%","101","Internal HTML pages with 2xx response"
"Over 70 Characters","7","6.93%","101","Internal HTML pages with 2xx response"
"Multiple","94","93.07%","101","Internal HTML pages with 2xx response"
"Non-Sequential","1","0.99%","101","Internal HTML pages with 2xx response"
""
"Content"
"All","101","100.00%","101","Internal HTML pages with 2xx response"
"Exact Duplicates","0","0.00%","101","Internal HTML pages with 2xx response"
"Near Duplicates","0","0.00%","101","Internal HTML pages with 2xx response"
"Semantically Similar","0","0.00%","101","Internal HTML pages with 2xx response"
"Low Relevance Content","0","0.00%","101","Internal HTML pages with 2xx response"
"Low Content Pages","4","3.96%","101","Internal HTML pages with 2xx response"
"Soft 404 Pages","0","0.00%","101","Internal HTML pages with 2xx response"
"Spelling Errors","0","0.00%","101","Internal HTML pages with 2xx response"
"Grammar Errors","0","0.00%","101","Internal HTML pages with 2xx response"
"Readability Difficult","22","21.78%","101","Internal HTML pages with 2xx response"
"Readability Very Difficult","2","1.98%","101","Internal HTML pages with 2xx response"
"Lorem Ipsum Placeholder","0","0.00%","101","Internal HTML pages with 2xx response"
""
"Images"
"All","54","100.00%","54","Images with 2xx response"
"Over 100 kB","19","35.19%","54","Images with 2xx response"
"Missing Alt Text","0","0.00%","54","Images with 2xx response"
"Missing Alt Attribute","0","0.00%","54","Images with 2xx response"
"Alt Text Over 100 Characters","22","40.74%","54","Images with 2xx response"
"Background Images","0","0.00%","54","Images with 2xx response"
"Incorrectly Sized Images","0","0.00%","54","Images with 2xx response"
"Missing Size Attributes","26","48.15%","54","Images with 2xx response"
""
"Canonicals"
"All","101","100.00%","101","Internal HTML or PDF pages with 2xx response"
"Contains Canonical","101","100.00%","101","Internal HTML or PDF pages with 2xx response"
"Self Referencing","101","100.00%","101","Internal HTML or PDF pages with 2xx response"
"Canonicalised","0","0.00%","101","Internal HTML or PDF pages with 2xx response"
"Missing","0","0.00%","101","Internal HTML or PDF pages with 2xx response"
"Multiple","0","0.00%","101","Internal HTML or PDF pages with 2xx response"
"Multiple Conflicting","0","0.00%","101","Internal HTML or PDF pages with 2xx response"
"Non-Indexable Canonical","0","0.00%","101","Internal HTML or PDF pages with 2xx response"
"Canonical Is Relative","0","0.00%","101","Internal HTML or PDF pages with 2xx response"
"Unlinked","0","0.00%","101","Internal HTML or PDF pages with 2xx response"
"Invalid Attribute In Annotation","0","0.00%","101","Internal HTML or PDF pages with 2xx response"
"Contains Fragment URL","0","0.00%","101","Internal HTML or PDF pages with 2xx response"
"Outside <head>","0","0.00%","101","Internal HTML or PDF pages with 2xx response"
""
"Pagination"
"All","101","100.00%","101","Internal HTML pages with 2xx response"
"Contains Pagination","0","0.00%","101","Internal HTML pages with 2xx response"
"First Page","0","0.00%","101","Internal HTML pages with 2xx response"
"Paginated 2+ Pages","0","0.00%","101","Internal HTML pages with 2xx response"
"Pagination URL Not in Anchor Tag","0","0.00%","101","Internal HTML pages with 2xx response"
"Non-200 Pagination URLs","0","0.00%","101","Internal HTML pages with 2xx response"
"Unlinked Pagination URLs","0","0.00%","101","Internal HTML pages with 2xx response"
"Non-Indexable","0","0.00%","101","Internal HTML pages with 2xx response"
"Multiple Pagination URLs","0","0.00%","101","Internal HTML pages with 2xx response"
"Pagination Loop","0","0.00%","101","Internal HTML pages with 2xx response"
"Sequence Error","0","0.00%","101","Internal HTML pages with 2xx response"
""
"Directives"
"All","181","100.00%","181","Internal URLs with 2xx response"
"Index","99","54.70%","181","Internal URLs with 2xx response"
"Noindex","2","1.10%","181","Internal URLs with 2xx response"
"Follow","99","54.70%","181","Internal URLs with 2xx response"
"Nofollow","2","1.10%","181","Internal URLs with 2xx response"
"None","0","0.00%","181","Internal URLs with 2xx response"
"NoArchive","0","0.00%","181","Internal URLs with 2xx response"
"NoSnippet","0","0.00%","181","Internal URLs with 2xx response"
"Max-Snippet","0","0.00%","181","Internal URLs with 2xx response"
"Max-Image-Preview","0","0.00%","181","Internal URLs with 2xx response"
"Max-Video-Preview","0","0.00%","181","Internal URLs with 2xx response"
"NoODP","0","0.00%","181","Internal URLs with 2xx response"
"NoYDIR","0","0.00%","181","Internal URLs with 2xx response"
"NoImageIndex","0","0.00%","181","Internal URLs with 2xx response"
"NoTranslate","0","0.00%","181","Internal URLs with 2xx response"
"Unavailable_After","0","0.00%","181","Internal URLs with 2xx response"
"Refresh","0","0.00%","132","Internal HTML pages with 2xx response"
"Outside <head>","0","0.00%","181","Internal URLs with 2xx response"
""
"Hreflang"
"All","101","100.00%","101","Internal pages with 2xx response"
"Contains hreflang","0","0.00%","101","Internal pages with 2xx response"
"Non-200 hreflang URLs","0","0.00%","101","Internal pages with 2xx response"
"Unlinked hreflang URLs","0","0.00%","101","Internal pages with 2xx response"
"Missing Return Links","0","0.00%","101","Internal pages with 2xx response"
"Inconsistent Language & Region Return Links","0","0.00%","101","Internal pages with 2xx response"
"Non-Canonical Return Links","0","0.00%","101","Internal pages with 2xx response"
"Noindex Return Links","0","0.00%","101","Internal pages with 2xx response"
"Incorrect Language & Region Codes","0","0.00%","101","Internal pages with 2xx response"
"Multiple Entries","0","0.00%","101","Internal pages with 2xx response"
"Missing Self Reference","0","0.00%","101","Internal pages with 2xx response"
"Not Using Canonical","0","0.00%","101","Internal pages with 2xx response"
"Missing X-Default","0","0.00%","101","Internal pages with 2xx response"
"Missing","0","0.00%","101","Internal pages with 2xx response"
"Outside <head>","0","0.00%","101","Internal pages with 2xx response"
""
"JavaScript"
"All","101","100.00%","101","Internal HTML pages with 2xx response"
"Pages with Blocked Resources","0","0.00%","101","Internal HTML pages with 2xx response"
"Contains JavaScript Links","0","0.00%","101","Internal HTML pages with 2xx response"
"Contains JavaScript Content","0","0.00%","101","Internal HTML pages with 2xx response"
"Noindex Only in Original HTML","0","0.00%","101","Internal HTML pages with 2xx response"
"Nofollow Only in Original HTML","0","0.00%","101","Internal HTML pages with 2xx response"
"Canonical Only in Rendered HTML","0","0.00%","101","Internal HTML pages with 2xx response"
"Canonical Mismatch","0","0.00%","101","Internal HTML pages with 2xx response"
"Page Title Only in Rendered HTML","0","0.00%","101","Internal HTML pages with 2xx response"
"Page Title Updated by JavaScript","0","0.00%","101","Internal HTML pages with 2xx response"
"Meta Description Only in Rendered HTML","0","0.00%","101","Internal HTML pages with 2xx response"
"Meta Description Updated by JavaScript","0","0.00%","101","Internal HTML pages with 2xx response"
"H1 Only in Rendered HTML","0","0.00%","101","Internal HTML pages with 2xx response"
"H1 Updated by JavaScript","0","0.00%","101","Internal HTML pages with 2xx response"
"Uses Old AJAX Crawling Scheme URLs","0","0.00%","101","Internal HTML pages with 2xx response"
"Uses Old AJAX Crawling Scheme Meta Fragment Tag","0","0.00%","101","Internal HTML pages with 2xx response"
"Pages with JavaScript Errors","0","0.00%","101","Internal HTML pages with 2xx response"
"Pages with JavaScript Warnings","0","0.00%","101","Internal HTML pages with 2xx response"
"Pages with Chrome Issues","0","0.00%","101","Internal HTML pages with 2xx response"
""
"Links"
"All","101","100.00%","101","Internal HTML pages with 2xx response"
"Pages With Uncrawlable Internal Outlinks","0","0.00%","101","Internal HTML pages with 2xx response"
"Pages With High Crawl Depth","0","0.00%","101","Internal HTML pages with 2xx response"
"Pages Without Internal Outlinks","0","0.00%","101","Internal HTML pages with 2xx response"
"Internal Nofollow Outlinks","0","0.00%","101","Internal HTML pages with 2xx response"
"Internal Outlinks With No Anchor Text","0","0.00%","101","Internal HTML pages with 2xx response"
"Non-Descriptive Anchor Text In Internal Outlinks","5","4.95%","101","Internal HTML pages with 2xx response"
"Pages With High External Outlinks","0","0.00%","101","Internal HTML pages with 2xx response"
"Pages With High Internal Outlinks","0","0.00%","101","Internal HTML pages with 2xx response"
"Follow & Nofollow Internal Inlinks To Page","0","0.00%","101","Internal HTML pages with 2xx response"
"Internal Nofollow Inlinks Only","0","0.00%","101","Internal HTML pages with 2xx response"
"Outlinks To Localhost","0","0.00%","101","Internal HTML pages with 2xx response"
"Non-Indexable Page Inlinks Only","0","0.00%","101","Internal HTML pages with 2xx response"
""
"AMP"
"All","0","0.00%","0","Internal AMP URLs"
"Non-200 Response","0","0.00%","132","Internal HTML URLs"
"Missing Non-AMP Return Link","0","0.00%","0","Internal AMP URLs"
"Missing Canonical to Non-AMP","0","0.00%","0","Internal AMP URLs"
"Non-Indexable Canonical","0","0.00%","0","Internal AMP URLs"
"Indexable","0","0.00%","0","Internal AMP URLs"
"Non-Indexable","0","0.00%","0","Internal AMP URLs"
"Missing <html amp> Tag","0","0.00%","132","Internal HTML URLs"
"Missing/Invalid <!doctype html> Tag","0","0.00%","0","Internal AMP URLs"
"Missing <head> Tag","0","0.00%","0","Internal AMP URLs"
"Missing <body> Tag","0","0.00%","0","Internal AMP URLs"
"Missing Canonical","0","0.00%","0","Internal AMP URLs"
"Missing/Invalid <meta charset> Tag","0","0.00%","0","Internal AMP URLs"
"Missing/Invalid <meta viewport> Tag","0","0.00%","0","Internal AMP URLs"
"Missing/Invalid AMP Script","0","0.00%","0","Internal AMP URLs"
"Missing/Invalid AMP Boilerplate","0","0.00%","0","Internal AMP URLs"
"Contains Disallowed HTML","0","0.00%","0","Internal AMP URLs"
"Other Validation Errors","0","0.00%","0","Internal AMP URLs"
""
"Structured Data"
"All","101","100.00%","101","Internal HTML pages with 2xx response"
"Contains Structured Data","0","0.00%","101","Internal HTML pages with 2xx response"
"Missing","0","0.00%","101","Internal HTML pages with 2xx response"
"Validation Errors","0","0.00%","101","Internal HTML pages with 2xx response"
"Validation Warnings","0","0.00%","101","Internal HTML pages with 2xx response"
"Rich Result Validation Errors","0","0.00%","101","Internal HTML pages with 2xx response"
"Rich Result Validation Warnings","0","0.00%","101","Internal HTML pages with 2xx response"
"Parse Errors","0","0.00%","101","Internal HTML pages with 2xx response"
"Microdata URLs","0","0.00%","101","Internal HTML pages with 2xx response"
"JSON-LD URLs","0","0.00%","101","Internal HTML pages with 2xx response"
"RDFa URLs","0","0.00%","101","Internal HTML pages with 2xx response"
"Rich Result Feature Detected","0","0.00%","101","Internal HTML pages with 2xx response"
""
"Sitemaps"
"All","132","100.00%","132","Internal HTML/XML pages"
"URLs in Sitemap","0","0.00%","132","Internal HTML/XML pages"
"URLs not in Sitemap","0","0.00%","132","Internal HTML/XML pages"
"Orphan URLs","0","0.00%","132","Internal HTML/XML pages"
"Non-Indexable URLs in Sitemap","0","0.00%","132","Internal HTML/XML pages"
"URLs in Multiple Sitemaps","0","0.00%","132","Internal HTML/XML pages"
"XML Sitemap with over 50k URLs","0","0.00%","132","Internal HTML/XML pages"
"XML Sitemap over 50MB","0","0.00%","132","Internal HTML/XML pages"
""
"PageSpeed"
"All","101","100.00%","101","Internal HTML URLs with 2xx response"
"Document Request Latency","0","0.00%","101","Internal HTML URLs with 2xx response"
"LCP Request Discovery","0","0.00%","101","Internal HTML URLs with 2xx response"
"Render Blocking Requests","0","0.00%","101","Internal HTML URLs with 2xx response"
"Network Dependency Tree","0","0.00%","101","Internal HTML URLs with 2xx response"
"Use Efficient Cache Lifetimes","0","0.00%","101","Internal HTML URLs with 2xx response"
"Layout Shift Culprits","0","0.00%","101","Internal HTML URLs with 2xx response"
"Optimize DOM Size","0","0.00%","101","Internal HTML URLs with 2xx response"
"Improve Image Delivery","0","0.00%","101","Internal HTML URLs with 2xx response"
"Forced Reflow","0","0.00%","101","Internal HTML URLs with 2xx response"
"Legacy JavaScript","0","0.00%","101","Internal HTML URLs with 2xx response"
"Duplicated JavaScript","0","0.00%","101","Internal HTML URLs with 2xx response"
"Font Display","0","0.00%","101","Internal HTML URLs with 2xx response"
"Avoid Enormous Network Payloads","0","0.00%","101","Internal HTML URLs with 2xx response"
"Minify CSS","0","0.00%","101","Internal HTML URLs with 2xx response"
"Minify JavaScript","0","0.00%","101","Internal HTML URLs with 2xx response"
"Reduce Unused CSS","0","0.00%","101","Internal HTML URLs with 2xx response"
"Reduce Unused JavaScript","0","0.00%","101","Internal HTML URLs with 2xx response"
"Reduce JavaScript Execution Time","0","0.00%","101","Internal HTML URLs with 2xx response"
"Minimize Main-Thread Work","0","0.00%","101","Internal HTML URLs with 2xx response"
"Request Errors","0","0.00%","101","Internal HTML URLs with 2xx response"
""
"Mobile"
"All","101","100.00%","101",""
"Viewport Not Set","0","0.00%","101",""
"Target Size","0","0.00%","101",""
"Content Not Sized Correctly","0","0.00%","101",""
"Illegible Font Size","0","0.00%","101",""
"Contains Unsupported Plugins","0","0.00%","101",""
"Mobile Alternate Link","0","0.00%","101",""
""
"Accessibility"
"All","101","100.00%","101",""
"Accessibility Score Poor","0","0.00%","101",""
"Accessibility Score Needs Improvement","0","0.00%","101",""
"Accessibility Score Good","0","0.00%","101",""
"WCAG 2.0 A Violation","0","0.00%","101",""
"WCAG 2.0 AA Violation","0","0.00%","101",""
"WCAG 2.0 AAA Violation","0","0.00%","101",""
"WCAG 2.1 AA Violation","0","0.00%","101",""
"WCAG 2.2 AA Violation","0","0.00%","101",""
"Best Practice Violation","0","0.00%","101",""
"Accesskey Attribute Value Must Be Unique","0","0.00%","101",""
"Ensure Elements Marked Presentational Are Ignored","0","0.00%","101",""
"Elements Must Not Have Tabindex Greater Than Zero","0","0.00%","101",""
"Scrollable Region Requires Keyboard Access","0","0.00%","101",""
"Skip-link Target Should Exist & Be Focusable","0","0.00%","101",""
"Required ARIA Attributes Must Be Provided","0","0.00%","101",""
"Role=text Should Have No Focusable Descendants","0","0.00%","101",""
"ARIA Attribute Must Be Used As Specified For Role","0","0.00%","101",""
"ARIA Attributes Require Valid Values","0","0.00%","101",""
"ARIA Attributes Require Valid Names","0","0.00%","101",""
"ARIA Commands Require Accessible Name","0","0.00%","101",""
"ARIA Dialog & Alertdialog Require Accessible Name","0","0.00%","101",""
"ARIA Input Fields Require Accessible Name","0","0.00%","101",""
"ARIA Meter Nodes Require Accessible Name","0","0.00%","101",""
"ARIA Progressbar Nodes Require Accessible Name","0","0.00%","101",""
"ARIA Role Should Be Appropriate For Element","0","0.00%","101",""
"ARIA Roles Must Be Contained By Required Parent","0","0.00%","101",""
"ARIA Roles Require Valid Values","0","0.00%","101",""
"ARIA Toggle Fields Require Accessible Name","0","0.00%","101",""
"ARIA Tooltip Nodes Require Accessible Name","0","0.00%","101",""
"ARIA Treeitem Nodes Require Accessible Name","0","0.00%","101",""
"Certain ARIA Roles Must Contain Specific Children","0","0.00%","101",""
"Deprecated ARIA Roles Must Not Be Used","0","0.00%","101",""
"Aria-braille Require Non-braille Equivalent","0","0.00%","101",""
"Aria-hidden Elements Contains Focusable Elements","0","0.00%","101",""
"Aria-hidden=true Must Not Be Used In <body>","0","0.00%","101",""
"Elements Must Only Use Permitted ARIA Attributes","0","0.00%","101",""
"Elements Must Use Allowed ARIA Attributes","0","0.00%","101",""
"IDs Used In ARIA & Labels Must Be Unique","0","0.00%","101",""
"Page Requires Means To Bypass Repeated Blocks","0","0.00%","101",""
"All Page Content Must Be Contained By Landmarks","0","0.00%","101",""
"Page Requires One Main Landmark","0","0.00%","101",""
"Page Must Not Have More Than One Banner Landmark","0","0.00%","101",""
"Banner Landmark Must Not Be In Another Landmark","0","0.00%","101",""
"Page Must Not Have Multiple Contentinfo Landmarks","0","0.00%","101",""
"Page Requires At Most One Main Landmark","0","0.00%","101",""
"Complementary Landmarks & Asides Must Be Top Level","0","0.00%","101",""
"Contentinfo Landmark Must Be Top Level Landmark","0","0.00%","101",""
"Main Landmark Must Not Be In Another Landmark","0","0.00%","101",""
"Landmarks Require Unique Role Or Accessible Name","0","0.00%","101",""
"Form Field Must Not Have Multiple Label Elements","0","0.00%","101",""
"Form <input> Elements Require Labels","0","0.00%","101",""
"Form Elements Should Have Visible Label","0","0.00%","101",""
"Autocomplete Attribute Must Be Used Correctly","0","0.00%","101",""
"Frames Require Title Attribute","0","0.00%","101",""
"Frames Require Unique Title Attribute","0","0.00%","101",""
"Frames Should Be Tested With axe-core","0","0.00%","101",""
"Frames With Focusable Content Must Not Use tabindex=-1","0","0.00%","101",""
"Page Must Contain <title>","0","0.00%","101",""
"Page Must Contain <h1>","0","0.00%","101",""
"Heading Levels Should Only Increase By One","0","0.00%","101",""
"Headings Should Not Be Empty","0","0.00%","101",""
"Meta Viewport Should Allow Zoom & Scale Up to 500%","0","0.00%","101",""
"Meta Viewport Zoom & Scaling Disabled","0","0.00%","101",""
"HTML Element Lang Attribute Value Must Be Valid","0","0.00%","101",""
"HTML Element Requires Lang Attribute","0","0.00%","101",""
"HTML Lang & XML Lang Value Should Match","0","0.00%","101",""
"Lang Attribute Requires Valid Value","0","0.00%","101",""
"Delayed Meta Refresh Must Not Be Used","0","0.00%","101",""
"Timed Meta Refresh Must Not Exist","0","0.00%","101",""
"Image Button Requires Alternate Text","0","0.00%","101",""
"Images Require Alternate Text","0","0.00%","101",""
"<object> Elements Require Alternate Text","0","0.00%","101",""
"Active <area> Elements Require Alternate Text","0","0.00%","101",""
"Alt Text Should Not Be Repeated As Text","0","0.00%","101",""
"Elements Marked role=img Require Alternate Text","0","0.00%","101",""
"SVG Images & Graphics Require Accessible Text","0","0.00%","101",""
"Server-Side Image Maps Must Not Be Used","0","0.00%","101",""
"<video> Elements Require <track> For Captions","0","0.00%","101",""
"<video> or <audio> Elements Must Not Auto-play","0","0.00%","101",""
"Buttons Require Discernible Text","0","0.00%","101",""
"Input Buttons Require Discernible Text","0","0.00%","101",""
"Inline Text Spacing Must Be Adjustable","0","0.00%","101",""
"Links Must Be Distinguishable","0","0.00%","101",""
"Links Require Discernible Text","0","0.00%","101",""
"Links With Same Accessible Name","0","0.00%","101",""
"Select Element Requires Accessible Name","0","0.00%","101",""
"Summary Elements Require Discernible Text","0","0.00%","101",""
"Deprecated <marquee> Element Must Not Be Used","0","0.00%","101",""
"<blink> Elements Deprecated & Must Not Be Used","0","0.00%","101",""
"Text Requires Higher Color Contrast Ratio","0","0.00%","101",""
"Text Requires Higher Color Contrast to Background","0","0.00%","101",""
"Touch Targets Require Sufficient Size & Spacing","0","0.00%","101",""
"Interactive Controls Must Not Be Nested","0","0.00%","101",""
"List Items Must Be Contained In List Elements","0","0.00%","101",""
"Lists Must Only Contain <li> Content Elements","0","0.00%","101",""
"<dl> Must Only Have Ordered <dt> & <dd> Groups","0","0.00%","101",""
"<dt> & <dd> Elements Must Be Contained by <dl>","0","0.00%","101",""
"<th> Element Requires Associated Data Cells","0","0.00%","101",""
"Table Header Attr Must Refer To Cell In Same Table","0","0.00%","101",""
"Table Headers Require Discernible Text","0","0.00%","101",""
"Table With Identical Summary & Caption Text","0","0.00%","101",""
"Scope Attribute Should Be Used Correctly On Tables","0","0.00%","101",""
""
"Custom Search"
"All","101","100.00%","101","Internal HTML pages with 2xx response"
""
"Custom Extraction"
"All","101","100.00%","101","Internal HTML pages with 2xx response"
""
"Custom JavaScript"
"All","181","100.00%","181","Internal HTML pages with 2xx response"
""
"Analytics"
"All","132","100.00%","132","Internal URLs with associated Google Analytics data"
"Sessions Above 0","0","0.00%","132","Internal URLs with associated Google Analytics data"
"Bounce Rate Above 70%","0","0.00%","132","Internal URLs with associated Google Analytics data"
"No GA Data","0","0.00%","132","Internal URLs with associated Google Analytics data"
"Non-Indexable with GA Data","0","0.00%","132","Internal URLs with associated Google Analytics data"
"Orphan URLs","0","0.00%","132","Internal URLs with associated Google Analytics data"
""
"Search Console"
"All","132","100.00%","132","Internal URLs with associated Google Search Console data"
"Clicks Above 0","0","0.00%","132","Internal URLs with associated Google Search Console data"
"No Search Analytics Data","0","0.00%","132","Internal URLs with associated Google Search Console data"
"Non-Indexable with Search Analytics Data","0","0.00%","132","Internal URLs with associated Google Search Console data"
"Orphan URLs","0","0.00%","132","Internal URLs with associated Google Search Console data"
"URL is Not on Google","0","0.00%","132","Internal URLs with associated Google Search Console data"
"Indexable URL Not Indexed","0","0.00%","132","Internal URLs with associated Google Search Console data"
"URL is on Google But Has Issues","0","0.00%","132","Internal URLs with associated Google Search Console data"
"User-Declared Canonical Not Selected","0","0.00%","132","Internal URLs with associated Google Search Console data"
"Page is Not Mobile Friendly","0","0.00%","132","Internal URLs with associated Google Search Console data"
"AMP URL Invalid","0","0.00%","132","Internal URLs with associated Google Search Console data"
"Rich Result Invalid","0","0.00%","132","Internal URLs with associated Google Search Console data"
""
"Validation"
"All","212","100.00%","212","Internal URLs with 2xx response"
"Invalid HTML Elements in <head>","0","0.00%","212","Internal URLs with 2xx response"
"<body> Element Preceding <html>","0","0.00%","212","Internal URLs with 2xx response"
"<head> Not First In <html> Element","0","0.00%","212","Internal URLs with 2xx response"
"Missing <head> Tag","0","0.00%","212","Internal URLs with 2xx response"
"Multiple <head> Tags","0","0.00%","212","Internal URLs with 2xx response"
"Missing <body> Tag","0","0.00%","212","Internal URLs with 2xx response"
"Multiple <body> Tags","0","0.00%","212","Internal URLs with 2xx response"
"HTML Document Over 2MB","0","0.00%","212","Internal URLs with 2xx response"
"Resource Over 2MB","0","0.00%","212","Internal URLs with 2xx response"
"High Carbon Rating","0","0.00%","212","Internal URLs with 2xx response"
""
"Link Metrics"
"All","186","100.00%","186","Internal HTML/PDF pages"
""
"AI"
"All","181","100.00%","181","Internal HTML URLs with 2xx response"
""
""
"Depth (Clicks from Start URL)"
"0","1","0.99%","101","Internal HTML pages with 2xx response"
"1","21","20.79%","101","Internal HTML pages with 2xx response"
"2","78","77.23%","101","Internal HTML pages with 2xx response"
"3","1","0.99%","101","Internal HTML pages with 2xx response"
"4","0","0.00%","101","Internal HTML pages with 2xx response"
"5","0","0.00%","101","Internal HTML pages with 2xx response"
"6","0","0.00%","101","Internal HTML pages with 2xx response"
"7","0","0.00%","101","Internal HTML pages with 2xx response"
"8","0","0.00%","101","Internal HTML pages with 2xx response"
"9","0","0.00%","101","Internal HTML pages with 2xx response"
"10+","0","0.00%","101","Internal HTML pages with 2xx response"
""
"Inlinks (Top 20 URLs)"
"https://magicworksitsolutions.com/services/platform-consultation","101","100.00%","101","Internal HTML pages with 2xx response"
"https://magicworksitsolutions.com/insights/whitepapers","101","100.00%","101","Internal HTML pages with 2xx response"
"https://magicworksitsolutions.com/services/web-development","101","100.00%","101","Internal HTML pages with 2xx response"
"https://magicworksitsolutions.com/contact","101","100.00%","101","Internal HTML pages with 2xx response"
"https://magicworksitsolutions.com/group/magicworks-host","101","100.00%","101","Internal HTML pages with 2xx response"
"https://magicworksitsolutions.com/group/magic-pipeline","101","100.00%","101","Internal HTML pages with 2xx response"
"https://magicworksitsolutions.com/terms","101","100.00%","101","Internal HTML pages with 2xx response"
"https://magicworksitsolutions.com/about","101","100.00%","101","Internal HTML pages with 2xx response"
"https://magicworksitsolutions.com/work","101","100.00%","101","Internal HTML pages with 2xx response"
"https://magicworksitsolutions.com/","101","100.00%","101","Internal HTML pages with 2xx response"
"https://magicworksitsolutions.com/blog","101","100.00%","101","Internal HTML pages with 2xx response"
"https://magicworksitsolutions.com/industries/education","101","100.00%","101","Internal HTML pages with 2xx response"
"https://magicworksitsolutions.com/industries/real-estate","101","100.00%","101","Internal HTML pages with 2xx response"
"https://magicworksitsolutions.com/privacy","101","100.00%","101","Internal HTML pages with 2xx response"
"https://magicworksitsolutions.com/services/digital-marketing","101","100.00%","101","Internal HTML pages with 2xx response"
"https://magicworksitsolutions.com/group/magicflow-ai","101","100.00%","101","Internal HTML pages with 2xx response"
"https://magicworksitsolutions.com/industries/professional-services","101","100.00%","101","Internal HTML pages with 2xx response"
"https://magicworksitsolutions.com/services/ai-consultation","101","100.00%","101","Internal HTML pages with 2xx response"
"https://magicworksitsolutions.com/industries/manufacturing","101","100.00%","101","Internal HTML pages with 2xx response"
"https://magicworksitsolutions.com/insights/reports","101","100.00%","101","Internal HTML pages with 2xx response"
""
"Response Time (Seconds)","URLs","% of Total"
"1","200","94.34%"
"2","11","5.19%"
"3","0","0.00%"
"4","1","0.47%"
