"Address","Occurrences","H2-1","H2-1 Length","H2-2","H2-2 Length","Indexability","Indexability Status"
"https://magicworksitsolutions.com/","6","Four pillars. Two that deliver, two that advise.","48","A clear process, from first conversation to ongoing growth.","59","Indexable",""
"https://magicworksitsolutions.com/services","5","Digital Marketing","17","Web Development","15","Indexable",""
"https://magicworksitsolutions.com/insights/reports","1","Prefer open reading?","20","","0","Indexable",""
"https://magicworksitsolutions.com/careers","3","Real work, modern tools, room to grow.","38","Find your role.","15","Indexable",""
"https://magicworksitsolutions.com/industries/manufacturing","4","What this looks like in practice.","33","How we work with manufacturers.","31","Indexable",""
"https://magicworksitsolutions.com/services/ai-consultation","6","We advise. You choose who builds.","33","Four ways in. One honest direction.","35","Indexable",""
"https://magicworksitsolutions.com/group/magicflow-ai","1","What MagicFlow AI does.","23","","0","Indexable",""
"https://magicworksitsolutions.com/industries/professional-services","4","Priority 2 for AI Consultation.","31","What we do for professional services firms.","43","Indexable",""
"https://magicworksitsolutions.com/services/digital-marketing","6","Ten services, sold on their own or combined.","44","Two pricing models. No third.","29","Indexable",""
"https://magicworksitsolutions.com/industries/real-estate","4","What this looks like in practice.","33","How we work with real estate businesses.","40","Indexable",""
"https://magicworksitsolutions.com/industries/education","4","What this looks like in practice.","33","How we work with education businesses.","38","Indexable",""
"https://magicworksitsolutions.com/blog","26","AI Lead Qualification for B2B India: How Sales Heads Should Build the Filter Before the Lead Volume Spike","105","The Real Cost of AI in Indian Marketing and Sales: Honest Numbers Across 5 Use Cases for 2026","93","Indexable",""
"https://magicworksitsolutions.com/privacy","14","1. About This Policy","20","2. Data We Collect","18","Non-Indexable","noindex"
"https://magicworksitsolutions.com/work","13","SimpliDistance Scales MBA Enrollments With High-Intent Search Advertising","73","Commercial Contractor Generates 13 Project Inquiries Per Month With B2B Digital Credibility Build","97","Indexable",""
"https://magicworksitsolutions.com/about","4","What we stand for.","18","How we got here.","16","Indexable",""
"https://magicworksitsolutions.com/terms","20","1. Acceptance of these terms","28","2. Eligibility","14","Non-Indexable","noindex"
"https://magicworksitsolutions.com/group/magic-pipeline","1","What Magic Pipeline does.","25","","0","Indexable",""
"https://magicworksitsolutions.com/group/magicworks-host","1","What MagicWorks Host does.","26","","0","Indexable",""
"https://magicworksitsolutions.com/contact","2","What to expect","14","Frequently asked questions.","27","Indexable",""
"https://magicworksitsolutions.com/services/web-development","6","We moved our default stack from WordPress to AI-native.","55","What we build.","14","Indexable",""
"https://magicworksitsolutions.com/insights/whitepapers","3","AI Automation Readiness for Indian SMEs","39","Performance Marketing ROI: The MagicWorks Framework","51","Indexable",""
"https://magicworksitsolutions.com/services/web-development/maintenance-amc","5","What is included.","17","We maintain what we built. Deliberately.","40","Indexable",""
"https://magicworksitsolutions.com/services/platform-consultation","6","We advise. You choose who builds.","33","Four ways in. One honest direction.","35","Indexable",""
"https://magicworksitsolutions.com/insights/whitepapers/ai-automation-readiness-indian-smes","4","About this whitepaper","21","What you'll learn","17","Indexable",""
"https://magicworksitsolutions.com/insights/whitepapers/performance-marketing-roi","4","About this whitepaper","21","What you'll learn","17","Indexable",""
"https://magicworksitsolutions.com/services/web-development/ai-native-websites","6","A site built to compound, not just launch.","42","What every build includes.","26","Indexable",""
"https://magicworksitsolutions.com/services/platform-consultation/roadmap-audit","6","We advise and design. You choose who builds.","44","What you walk away with.","24","Indexable",""
"https://magicworksitsolutions.com/services/web-development/ecommerce","5","Two honest options.","19","What is included","16","Indexable",""
"https://magicworksitsolutions.com/services/platform-consultation/advisory-sprint","4","When one question is blocking progress.","39","Common questions","16","Indexable",""
"https://magicworksitsolutions.com/work/b2b-enterprise-software-abm-demos","4","Situation","9","Intervention","12","Indexable",""
"https://magicworksitsolutions.com/services/platform-consultation/workshop","4","What you leave with.","20","Common questions","16","Indexable",""
"https://magicworksitsolutions.com/services/platform-consultation/embedded-advisor","4","What is included each month.","28","Common questions","16","Indexable",""
"https://magicworksitsolutions.com/work/regional-retail-chain-footfall-growth","4","Situation","9","Intervention","12","Indexable",""
"https://magicworksitsolutions.com/work/commercial-contractor-b2b-project-inquiries","4","Situation","9","Intervention","12","Indexable",""
"https://magicworksitsolutions.com/work/boutique-resort-direct-booking-growth","4","Situation","9","Intervention","12","Indexable",""
"https://magicworksitsolutions.com/work/aishwaryam-real-estate-pipeline","4","Situation","9","Intervention","12","Indexable",""
"https://magicworksitsolutions.com/work/srj-steel-b2b-digital-presence","4","Situation","9","Intervention","12","Indexable",""
"https://magicworksitsolutions.com/work/multi-specialty-hospital-opd-growth","4","Situation","9","Intervention","12","Indexable",""
"https://magicworksitsolutions.com/work/design-institute-2x-inquiry-growth","4","Situation","9","Intervention","12","Indexable",""
"https://magicworksitsolutions.com/work/steel-manufacturer-b2b-rfq-growth","4","Situation","9","Intervention","12","Indexable",""
"https://magicworksitsolutions.com/work/trexova-wellness-tourism-pipeline","4","Situation","9","Intervention","12","Indexable",""
"https://magicworksitsolutions.com/work/d2c-lifestyle-brand-roas-growth","4","Situation","9","Intervention","12","Indexable",""
"https://magicworksitsolutions.com/blog/pune-businesses-ai-social-media-traditional-agencies-2026","12","◆The Short Answer","17","◆Pune's Business Landscape and Why Social Media Strategy Is Not One-Size-Fits-All","81","Indexable",""
"https://magicworksitsolutions.com/blog/real-cost-of-ai-indian-marketing-sales-2026","16","◆The Short Answer","17","◆What This Article Covers","25","Indexable",""
"https://magicworksitsolutions.com/blog/google-ai-mode-india-advertisers-2026","15","◆The Short Answer","17","◆What This Article Covers","25","Indexable",""
"https://magicworksitsolutions.com/blog/website-development-cost-india","11","◆The Story That Plays Out Every Year in India's Industrial Belts","64","◆The 5 Places a Cheap Website Silently Bleeds Your Business","59","Indexable",""
"https://magicworksitsolutions.com/blog/ai-chatbot-vs-lead-forms-b2b-india","12","◆The 72-Hour Problem Nobody Talks About Loudly Enough","53","◆Side-by-Side Comparison: Traditional Forms vs AI Chatbots","58","Indexable",""
"https://magicworksitsolutions.com/blog/transform-your-online-presence-with-website-development-solutions-tailored-for-shopify","12","◆The Short Answer","17","◆Why Indian Businesses Choose Shopify Over Custom Development","61","Indexable",""
"https://magicworksitsolutions.com/blog/ai-social-media-services-vs-traditional-agencies-2026","12","◆The Short Answer","17","◆What Has Changed in Indian B2B Social Media","44","Indexable",""
"https://magicworksitsolutions.com/blog/transform-your-business-with-the-best-digital-marketing-agency","13","◆The Short Answer","17","◆What Transformation Actually Means","35","Indexable",""
"https://magicworksitsolutions.com/blog/social-media-marketing-company-pune-2026","12","◆The Short Answer","17","◆The Problem Every Pune Business Owner Faces","44","Indexable",""
"https://magicworksitsolutions.com/blog/beyond-code-what-sets-top-web-development-agencies-apart-from-the-rest","11","◆The Short Answer","17","◆Why Most Indian Web Development Projects Underperform","54","Indexable",""
"https://magicworksitsolutions.com/blog/the-foundation-of-digital-success-strategic-web-design-development","11","◆The Short Answer","17","◆Why Most Indian Business Websites Fail","39","Indexable",""
"https://magicworksitsolutions.com/blog/why-digital-transformation-fails-smes-india","12","◆The Pattern That Plays Out Across India","40","◆The 80/20 Split: Why Most Indian SMEs Fail and What the Successful Ones Do Differently","87","Indexable",""
"https://magicworksitsolutions.com/blog/4-proven-methods-to-increase-your-website-conversions","14","◆The Short Answer","17","◆Why Indian Websites Underperform","33","Indexable",""
"https://magicworksitsolutions.com/blog/why-strategic-digital-marketing-firms-are-critical-for-business-success","14","◆The Short Answer","17","◆Tactical vs Strategic: A Structural Difference","47","Indexable",""
"https://magicworksitsolutions.com/blog/search-engine-marketing-b2b-google-ads-mistakes","13","◆The Budget Is Not the Problem. The Setup Is.","45","◆Mistake 1: Broad Match Without Guardrails","42","Indexable",""
"https://magicworksitsolutions.com/blog/ai-investment-framework-indian-ceos-marketing-sales-2026","13","◆The Short Answer","17","◆What This Article Covers","25","Indexable",""
"https://magicworksitsolutions.com/blog/how-ai-transforms-performance-marketing-for-scalable-growth","13","◆The Short Answer","17","◆What AI Actually Does in Performance Marketing","47","Indexable",""
"https://magicworksitsolutions.com/blog/the-startups-digital-rewire-how-a-top-digital-marketing-company-fuels-sustainable-growth","11","◆The Short Answer: India Has 112,000+ Startups but Only 15% Survive Past 5 Years","80","◆The 3 Digital Marketing Mistakes Indian Startups Consistently Make","67","Indexable",""
"https://magicworksitsolutions.com/blog/ai-lead-qualification-b2b-india-sales-heads-2026","15","◆The Short Answer","17","◆What This Article Covers","25","Indexable",""
"https://magicworksitsolutions.com/blog/the-ultimate-guide-to-hiring-the-best-digital-marketing-agency","12","◆The Short Answer","17","◆Why Most Indian Businesses Pick the Wrong Agency","49","Indexable",""
"https://magicworksitsolutions.com/blog/9-essential-steps-to-start-your-online-business","17","◆The Short Answer","17","◆Why 2026 Is the Right Time — And Why Most Founders Still Get It Wrong","70","Indexable",""
"https://magicworksitsolutions.com/blog/indian-b2b-marketing-strategy-gap-explained","13","◆The Boardroom Scene","20","◆The Real Problem: Measuring the Wrong Things","45","Indexable",""
"https://magicworksitsolutions.com/blog/how-performance-marketing-agencies-help-brands-move-from-spend-to-scale","12","◆The Short Answer","17","◆What Performance Marketing Actually Means","42","Indexable",""
"https://magicworksitsolutions.com/blog/strengthen-your-content-strategy-with-customer-input","12","◆The Short Answer","17","◆Why Most Indian Businesses Get Content Wrong","45","Indexable",""
"https://magicworksitsolutions.com/blog/geo-for-indian-businesses-2026","17","◆The Short Answer","17","◆What This Article Covers","25","Indexable",""
"https://magicworksitsolutions.com/services/digital-marketing/site-performance-conversion","5","What is included.","17","When campaigns are running but results are not.","47","Indexable",""
"https://magicworksitsolutions.com/services/digital-marketing/linkedin-organic-social","5","What is included.","17","For B2B clients whose buyers are a marketing head or founder.","61","Indexable",""
"https://magicworksitsolutions.com/work/simplidistance-mba-enrollments","4","Situation","9","Intervention","12","Indexable",""
"https://magicworksitsolutions.com/blog/the-essential-guide-to-social-media-marketing-dos-and-donts","16","◆The Short Answer: India Is One of the World's Biggest Social Media Markets","75","◆The Fundamental Rule All Indian Businesses Break","49","Indexable",""
"https://magicworksitsolutions.com/services/digital-marketing/google-ads-search-marketing","5","What is included.","17","The headline service for scaling paid acquisition.","50","Indexable",""
"https://magicworksitsolutions.com/services/digital-marketing/email-marketing","5","What is included.","17","Strong wherever there is a considered buying cycle to nurture.","62","Indexable",""
"https://magicworksitsolutions.com/services/digital-marketing/meta-ads","5","What is included.","17","Standalone or as the discovery half of a full funnel.","53","Indexable",""
"https://magicworksitsolutions.com/services/digital-marketing/thought-leadership-geo","5","What is included.","17","For founders who want to build durable authority.","49","Indexable",""
"https://magicworksitsolutions.com/services/digital-marketing/youtube-video-optimisation","5","What is included.","17","Best for clients with an existing video pipeline.","49","Indexable",""
"https://magicworksitsolutions.com/services/digital-marketing/gmb-optimisation","5","What is included.","17","For any business that depends on nearby buyers finding them first.","66","Indexable",""
"https://magicworksitsolutions.com/services/digital-marketing/full-funnel-programme","6","Five channels. One programme.","29","What is included","16","Indexable",""
"https://magicworksitsolutions.com/group","5","Three brands. Three distinct jobs.","34","MagicFlow AI","12","Indexable",""
"https://magicworksitsolutions.com/services/ai-consultation/embedded-advisor","4","What is included each month.","28","Common questions","16","Indexable",""
"https://magicworksitsolutions.com/tools/ai-readiness-assessment","5","Does your leadership team have a shared understanding of what AI can and cannot do today?","89","Have you identified specific business processes where AI might reduce cost or improve speed?","92","Indexable",""
"https://magicworksitsolutions.com/services/digital-marketing/seo-aeo","5","Two disciplines. One retainer.","30","What is included","16","Indexable",""
"https://magicworksitsolutions.com/services/ai-consultation/workshop","4","What you leave with.","20","Common questions","16","Indexable",""
"https://magicworksitsolutions.com/services/ai-consultation/vendor-sprint","4","What you walk away with.","24","Common questions","16","Indexable",""
"https://magicworksitsolutions.com/careers/web-developer-full-stack","6","Who we are looking for","22","About MagicWorks","16","Indexable",""
"https://magicworksitsolutions.com/careers/seo-aeo-geo-intern","6","Who we are looking for","22","About MagicWorks","16","Indexable",""
"https://magicworksitsolutions.com/services/ai-consultation/process-audit","6","We design the roadmap. You choose who executes it.","50","What you walk away with.","24","Indexable",""
"https://magicworksitsolutions.com/careers/digital-marketing-intern","6","Who we are looking for","22","About MagicWorks","16","Indexable",""
"https://magicworksitsolutions.com/careers/performance-marketing-executive","6","Who we are looking for","22","About MagicWorks","16","Indexable",""
"https://magicworksitsolutions.com/careers/sales-executive-ai-product","6","Who we are looking for","22","About MagicWorks","16","Indexable",""
"https://magicworksitsolutions.com/careers/digital-marketing-sales-executive","6","Who we are looking for","22","About MagicWorks","16","Indexable",""
"https://magicworksitsolutions.com/insights/reports/platform-strategy-checklist","7","Get the checklist","17","22 decisions, six themes.","25","Indexable",""
"https://magicworksitsolutions.com/careers/nextjs-developer","6","Who we are looking for","22","About MagicWorks","16","Indexable",""
"https://magicworksitsolutions.com/careers/seo-executive","6","Who we are looking for","22","About MagicWorks","16","Indexable",""
"https://magicworksitsolutions.com/careers/digital-marketing-manager","6","Who we are looking for","22","About MagicWorks","16","Indexable",""
"https://magicworksitsolutions.com/insights/reports/ai-readiness-playbook","7","Get the playbook","16","A way to decide, not a sales pitch.","35","Indexable",""
"https://magicworksitsolutions.com/insights/reports/ai-native-website-spec-sheet","7","Get the spec sheet","18","A specification, not a sales pitch.","35","Indexable",""
"https://magicworksitsolutions.com/insights/reports/ai-search-visibility-playbook","7","Get the playbook","16","A method, not a list of tips.","29","Indexable",""
"https://magicworksitsolutions.com/insights/reports/manufacturers-growth-playbook","7","Get the playbook","16","A demand engine, built for manufacturers.","41","Indexable",""
"https://magicworksitsolutions.com/insights/reports/ai-for-professional-services","7","Get the guide","13","Risk first, then value.","23","Indexable",""
"https://magicworksitsolutions.com/authors/swapnil-ughade","1","Articles by Swapnil Ughade","26","","0","Indexable",""
