"Address","Title 1","Occurrences","HTML hreflang 1","HTML hreflang 1 URL","HTTP hreflang 1","HTTP hreflang 1 URL","Sitemap hreflang 1","Sitemap hreflang 1 URL","Indexability","Indexability Status"
"https://magicworksitsolutions.com/","MagicWorks · AI-First Digital Marketing Agency in Pune · MagicWorks","0","","","","","","","Indexable",""
"https://magicworksitsolutions.com/services","Services · MagicWorks","0","","","","","","","Indexable",""
"https://magicworksitsolutions.com/insights/reports","Reports · Insights · MagicWorks","0","","","","","","","Indexable",""
"https://magicworksitsolutions.com/careers","Careers at MagicWorks · MagicWorks","0","","","","","","","Indexable",""
"https://magicworksitsolutions.com/industries/manufacturing","Digital Marketing & AI Consultation for Manufacturing · MagicWorks","0","","","","","","","Indexable",""
"https://magicworksitsolutions.com/services/ai-consultation","AI Consultation for Founders & Operators · MagicWorks","0","","","","","","","Indexable",""
"https://magicworksitsolutions.com/group/magicflow-ai","MagicFlow AI · MagicWorks Group · MagicWorks","0","","","","","","","Indexable",""
"https://magicworksitsolutions.com/industries/professional-services","AI Consultation & Digital Marketing for Professional Services · MagicWorks","0","","","","","","","Indexable",""
"https://magicworksitsolutions.com/services/digital-marketing","Digital Marketing Agency in Pune · MagicWorks","0","","","","","","","Indexable",""
"https://magicworksitsolutions.com/industries/real-estate","Digital Marketing & Web for Real Estate · MagicWorks","0","","","","","","","Indexable",""
"https://magicworksitsolutions.com/industries/education","Digital Marketing & Web Development for Education · MagicWorks","0","","","","","","","Indexable",""
"https://magicworksitsolutions.com/blog","Blog · MagicWorks","0","","","","","","","Indexable",""
"https://magicworksitsolutions.com/privacy","Privacy Policy · MagicWorks","0","","","","","","","Non-Indexable","noindex"
"https://magicworksitsolutions.com/work","Work · MagicWorks","0","","","","","","","Indexable",""
"https://magicworksitsolutions.com/about","About MagicWorks · MagicWorks","0","","","","","","","Indexable",""
"https://magicworksitsolutions.com/terms","Terms of Use · MagicWorks","0","","","","","","","Non-Indexable","noindex"
"https://magicworksitsolutions.com/group/magic-pipeline","Magic Pipeline · MagicWorks Group · MagicWorks","0","","","","","","","Indexable",""
"https://magicworksitsolutions.com/group/magicworks-host","MagicWorks Host · MagicWorks Group · MagicWorks","0","","","","","","","Indexable",""
"https://magicworksitsolutions.com/contact","Get in Touch · MagicWorks","0","","","","","","","Indexable",""
"https://magicworksitsolutions.com/services/web-development","AI-Native Website Development · MagicWorks","0","","","","","","","Indexable",""
"https://magicworksitsolutions.com/insights/whitepapers","Whitepapers | Insights · MagicWorks","0","","","","","","","Indexable",""
"https://magicworksitsolutions.com/services/web-development/maintenance-amc","Web AMC & Website Maintenance · MagicWorks · MagicWorks","0","","","","","","","Indexable",""
"https://magicworksitsolutions.com/services/platform-consultation","Marketplace & Platform Consultation · MagicWorks","0","","","","","","","Indexable",""
"https://magicworksitsolutions.com/insights/whitepapers/ai-automation-readiness-indian-smes","AI Automation Readiness for Indian SMEs | Whitepapers · MagicWorks","0","","","","","","","Indexable",""
"https://magicworksitsolutions.com/insights/whitepapers/performance-marketing-roi","Performance Marketing ROI: The MagicWorks Framework | Whitepapers · MagicWorks","0","","","","","","","Indexable",""
"https://magicworksitsolutions.com/services/web-development/ai-native-websites","AI-Native Website Development · MagicWorks · MagicWorks","0","","","","","","","Indexable",""
"https://magicworksitsolutions.com/services/platform-consultation/roadmap-audit","Platform Roadmap Audit · MagicWorks · MagicWorks","0","","","","","","","Indexable",""
"https://magicworksitsolutions.com/services/web-development/ecommerce","E-commerce Website Development · MagicWorks · MagicWorks","0","","","","","","","Indexable",""
"https://magicworksitsolutions.com/services/platform-consultation/advisory-sprint","Targeted Advisory Sprint · Platform Consultation · MagicWorks · MagicWorks","0","","","","","","","Indexable",""
"https://magicworksitsolutions.com/work/b2b-enterprise-software-abm-demos","B2B Enterprise Software Company Achieves 85 Demo Bookings Per Month With Account-Based Marketing · MagicWorks","0","","","","","","","Indexable",""
"https://magicworksitsolutions.com/services/platform-consultation/workshop","Platform Strategy Workshop · MagicWorks · MagicWorks","0","","","","","","","Indexable",""
"https://magicworksitsolutions.com/services/platform-consultation/embedded-advisor","Embedded Platform Advisor · MagicWorks · MagicWorks","0","","","","","","","Indexable",""
"https://magicworksitsolutions.com/work/regional-retail-chain-footfall-growth","Regional Retail Chain Increases Footfall 27% With Hyperlocal Store-Level Marketing · MagicWorks","0","","","","","","","Indexable",""
"https://magicworksitsolutions.com/work/commercial-contractor-b2b-project-inquiries","Commercial Contractor Generates 13 Project Inquiries Per Month With B2B Digital Credibility Build · MagicWorks","0","","","","","","","Indexable",""
"https://magicworksitsolutions.com/work/boutique-resort-direct-booking-growth","Boutique Resort Grows Direct Bookings 38% and Reduces OTA Commission Dependency · MagicWorks","0","","","","","","","Indexable",""
"https://magicworksitsolutions.com/work/aishwaryam-real-estate-pipeline","Aishwaryam Group Drives 6,500+ Units Into Pipeline With Dual-Funnel Campaigns · MagicWorks","0","","","","","","","Indexable",""
"https://magicworksitsolutions.com/work/srj-steel-b2b-digital-presence","SRJ Steel Builds a Full-Funnel Digital Presence From Zero to 110+ RFQs Per Month · MagicWorks","0","","","","","","","Indexable",""
"https://magicworksitsolutions.com/work/multi-specialty-hospital-opd-growth","Multi-Specialty Hospital Adds 1,100 OPD Bookings Per Month With Local SEO and Reputation Recovery · MagicWorks","0","","","","","","","Indexable",""
"https://magicworksitsolutions.com/work/design-institute-2x-inquiry-growth","Design Institute Grows Monthly Inquiries 2.6X With Brand-Led Digital Marketing · MagicWorks","0","","","","","","","Indexable",""
"https://magicworksitsolutions.com/work/steel-manufacturer-b2b-rfq-growth","Steel Manufacturer Generates 110+ RFQs Per Month With B2B SEO and LinkedIn Outreach · MagicWorks","0","","","","","","","Indexable",""
"https://magicworksitsolutions.com/work/trexova-wellness-tourism-pipeline","Trexova Builds a Global Wellness Tourism Pipeline With 3,400 Leads and 36% Conversion · MagicWorks","0","","","","","","","Indexable",""
"https://magicworksitsolutions.com/work/d2c-lifestyle-brand-roas-growth","D2C Lifestyle Brand Achieves 3.5X ROAS and ₹32L Monthly Revenue With Full-Funnel Rebuild · MagicWorks","0","","","","","","","Indexable",""
"https://magicworksitsolutions.com/blog/pune-businesses-ai-social-media-traditional-agencies-2026","AI Social Media Services for Pune Businesses 2026: The Switch Explained · MagicWorks","0","","","","","","","Indexable",""
"https://magicworksitsolutions.com/blog/real-cost-of-ai-indian-marketing-sales-2026","The Real Cost of AI in Indian Marketing & Sales: 2026 Guide · MagicWorks","0","","","","","","","Indexable",""
"https://magicworksitsolutions.com/blog/google-ai-mode-india-advertisers-2026","Google AI Overviews & AI Max in India: 90-Day Playbook · MagicWorks","0","","","","","","","Indexable",""
"https://magicworksitsolutions.com/blog/website-development-cost-india","Website Development Cost India 2026: Rs 15K vs Rs 2 Lakh — The Real Comparison · MagicWorks","0","","","","","","","Indexable",""
"https://magicworksitsolutions.com/blog/ai-chatbot-vs-lead-forms-b2b-india","AI Chatbots vs Lead Forms India B2B 2026: Conversion Data Compared · MagicWorks","0","","","","","","","Indexable",""
"https://magicworksitsolutions.com/blog/transform-your-online-presence-with-website-development-solutions-tailored-for-shopify","Shopify Website Development India 2026: Setup, Costs and Best Practices · MagicWorks","0","","","","","","","Indexable",""
"https://magicworksitsolutions.com/blog/ai-social-media-services-vs-traditional-agencies-2026","AI Social Media Services vs Traditional Agencies India 2026 · MagicWorks","0","","","","","","","Indexable",""
"https://magicworksitsolutions.com/blog/transform-your-business-with-the-best-digital-marketing-agency","Digital Marketing Agency Transformation India: 8 Capabilities That Drive Growth · MagicWorks","0","","","","","","","Indexable",""
"https://magicworksitsolutions.com/blog/social-media-marketing-company-pune-2026","Social Media Marketing Company Pune 2026: How to Choose the Right Partner · MagicWorks","0","","","","","","","Indexable",""
"https://magicworksitsolutions.com/blog/beyond-code-what-sets-top-web-development-agencies-apart-from-the-rest","Top Web Development Agencies India 2026: How to Choose the Right Partner · MagicWorks","0","","","","","","","Indexable",""
"https://magicworksitsolutions.com/blog/the-foundation-of-digital-success-strategic-web-design-development","Strategic Web Design and Development for Indian Businesses 2026 · MagicWorks","0","","","","","","","Indexable",""
"https://magicworksitsolutions.com/blog/why-digital-transformation-fails-smes-india","Why Indian SME Digital Transformation Fails: 5 Root Causes and Fixes · MagicWorks","0","","","","","","","Indexable",""
"https://magicworksitsolutions.com/blog/4-proven-methods-to-increase-your-website-conversions","Increase Website Conversions India 2026: 7 Proven Methods · MagicWorks","0","","","","","","","Indexable",""
"https://magicworksitsolutions.com/blog/why-strategic-digital-marketing-firms-are-critical-for-business-success","Why Strategic Digital Marketing Firms Drive Business Growth in India · MagicWorks","0","","","","","","","Indexable",""
"https://magicworksitsolutions.com/blog/search-engine-marketing-b2b-google-ads-mistakes","Google Ads B2B India 2026: 7 Mistakes Draining Your Budget and How to Fix Them · MagicWorks","0","","","","","","","Indexable",""
"https://magicworksitsolutions.com/blog/ai-investment-framework-indian-ceos-marketing-sales-2026","AI Investment Framework for Indian CEOs: 2026 Guide · MagicWorks","0","","","","","","","Indexable",""
"https://magicworksitsolutions.com/blog/how-ai-transforms-performance-marketing-for-scalable-growth","AI in Performance Marketing India 2026: Tools, Impact, and ROI · MagicWorks","0","","","","","","","Indexable",""
"https://magicworksitsolutions.com/blog/the-startups-digital-rewire-how-a-top-digital-marketing-company-fuels-sustainable-growth","Digital Marketing for Indian Startups: The Complete 2026 Growth Playbook · MagicWorks","0","","","","","","","Indexable",""
"https://magicworksitsolutions.com/blog/ai-lead-qualification-b2b-india-sales-heads-2026","AI Lead Qualification for B2B India: 2026 Sales Head Guide · MagicWorks","0","","","","","","","Indexable",""
"https://magicworksitsolutions.com/blog/the-ultimate-guide-to-hiring-the-best-digital-marketing-agency","How to Hire the Best Digital Marketing Agency in India (2026) · MagicWorks","0","","","","","","","Indexable",""
"https://magicworksitsolutions.com/blog/9-essential-steps-to-start-your-online-business","9 Steps to Start an Online Business in India (2026 Guide) · MagicWorks","0","","","","","","","Indexable",""
"https://magicworksitsolutions.com/blog/indian-b2b-marketing-strategy-gap-explained","Indian B2B Marketing ROI Gap: 4 Strategy Fixes That Work in 2026 · MagicWorks","0","","","","","","","Indexable",""
"https://magicworksitsolutions.com/blog/how-performance-marketing-agencies-help-brands-move-from-spend-to-scale","Performance Marketing Agencies India 2026: From Spend to Scale · MagicWorks","0","","","","","","","Indexable",""
"https://magicworksitsolutions.com/blog/strengthen-your-content-strategy-with-customer-input","Customer-Led Content Strategy for Indian Businesses: 2026 Guide · MagicWorks","0","","","","","","","Indexable",""
"https://magicworksitsolutions.com/blog/geo-for-indian-businesses-2026","GEO for Indian Businesses: Get Cited by AI Search in 2026 · MagicWorks","0","","","","","","","Indexable",""
"https://magicworksitsolutions.com/services/digital-marketing/site-performance-conversion","Site Performance & Conversion Optimisation · MagicWorks · MagicWorks","0","","","","","","","Indexable",""
"https://magicworksitsolutions.com/services/digital-marketing/linkedin-organic-social","LinkedIn & B2B Organic Social · MagicWorks · MagicWorks","0","","","","","","","Indexable",""
"https://magicworksitsolutions.com/work/simplidistance-mba-enrollments","SimpliDistance Scales MBA Enrollments With High-Intent Search Advertising · MagicWorks","0","","","","","","","Indexable",""
"https://magicworksitsolutions.com/blog/the-essential-guide-to-social-media-marketing-dos-and-donts","Social Media Marketing India 2026: Dos, Donts and Best Practices · MagicWorks","0","","","","","","","Indexable",""
"https://magicworksitsolutions.com/services/digital-marketing/google-ads-search-marketing","Google Ads & Search Marketing Agency · MagicWorks · MagicWorks","0","","","","","","","Indexable",""
"https://magicworksitsolutions.com/services/digital-marketing/email-marketing","Email Marketing & Lifecycle Automation · MagicWorks · MagicWorks","0","","","","","","","Indexable",""
"https://magicworksitsolutions.com/services/digital-marketing/meta-ads","Meta Ads · Facebook & Instagram Advertising · MagicWorks · MagicWorks","0","","","","","","","Indexable",""
"https://magicworksitsolutions.com/services/digital-marketing/thought-leadership-geo","Thought Leadership & Generative-Engine Visibility · MagicWorks · MagicWorks","0","","","","","","","Indexable",""
"https://magicworksitsolutions.com/services/digital-marketing/youtube-video-optimisation","YouTube Video Optimisation & Channel Growth · MagicWorks · MagicWorks","0","","","","","","","Indexable",""
"https://magicworksitsolutions.com/services/digital-marketing/gmb-optimisation","Google Business Profile & Local SEO · MagicWorks · MagicWorks","0","","","","","","","Indexable",""
"https://magicworksitsolutions.com/services/digital-marketing/full-funnel-programme","Full-Funnel Digital Marketing Programme · MagicWorks · MagicWorks","0","","","","","","","Indexable",""
"https://magicworksitsolutions.com/group","The MagicWorks Group · MagicWorks","0","","","","","","","Indexable",""
"https://magicworksitsolutions.com/services/ai-consultation/embedded-advisor","Embedded AI Advisor · MagicWorks · MagicWorks","0","","","","","","","Indexable",""
"https://magicworksitsolutions.com/tools/ai-readiness-assessment","AI Readiness Assessment · Free Quiz · MagicWorks","0","","","","","","","Indexable",""
"https://magicworksitsolutions.com/services/digital-marketing/seo-aeo","Search Engine Optimization (SEO) & Answer Engine Optimization (AEO) · MagicWorks · MagicWorks","0","","","","","","","Indexable",""
"https://magicworksitsolutions.com/services/ai-consultation/workshop","AI Literacy Workshop for Leadership · MagicWorks · MagicWorks","0","","","","","","","Indexable",""
"https://magicworksitsolutions.com/services/ai-consultation/vendor-sprint","AI Vendor & Build-vs-Buy Sprint · MagicWorks · MagicWorks","0","","","","","","","Indexable",""
"https://magicworksitsolutions.com/careers/web-developer-full-stack","Web Developer (Full Stack: React, Node.js & AI Assisted) · Careers · MagicWorks · MagicWorks","0","","","","","","","Indexable",""
"https://magicworksitsolutions.com/careers/seo-aeo-geo-intern","SEO / AEO / GEO Intern · Careers · MagicWorks · MagicWorks","0","","","","","","","Indexable",""
"https://magicworksitsolutions.com/services/ai-consultation/process-audit","AI Process Audit & Roadmap · MagicWorks · MagicWorks","0","","","","","","","Indexable",""
"https://magicworksitsolutions.com/careers/digital-marketing-intern","Digital Marketing Intern · Careers · MagicWorks · MagicWorks","0","","","","","","","Indexable",""
"https://magicworksitsolutions.com/careers/performance-marketing-executive","Performance Marketing Executive · Careers · MagicWorks · MagicWorks","0","","","","","","","Indexable",""
"https://magicworksitsolutions.com/careers/sales-executive-ai-product","Sales Executive — AI Product · Careers · MagicWorks · MagicWorks","0","","","","","","","Indexable",""
"https://magicworksitsolutions.com/careers/digital-marketing-sales-executive","Digital Marketing Sales Executive · Careers · MagicWorks · MagicWorks","0","","","","","","","Indexable",""
"https://magicworksitsolutions.com/insights/reports/platform-strategy-checklist","Platform Strategy Checklist (Free) · 22 Decisions Before You Build · MagicWorks","0","","","","","","","Indexable",""
"https://magicworksitsolutions.com/careers/nextjs-developer","Next.js Developer · Careers · MagicWorks · MagicWorks","0","","","","","","","Indexable",""
"https://magicworksitsolutions.com/careers/seo-executive","SEO Executive · Careers · MagicWorks · MagicWorks","0","","","","","","","Indexable",""
"https://magicworksitsolutions.com/careers/digital-marketing-manager","Digital Marketing Manager · Careers · MagicWorks · MagicWorks","0","","","","","","","Indexable",""
"https://magicworksitsolutions.com/insights/reports/ai-readiness-playbook","AI Readiness Playbook (Free) · A Founder's Guide to AI Without the Hype · MagicWorks","0","","","","","","","Indexable",""
"https://magicworksitsolutions.com/insights/reports/ai-native-website-spec-sheet","AI-Native Website Spec Sheet (Free) · What to Demand From Your Next Build · MagicWorks","0","","","","","","","Indexable",""
"https://magicworksitsolutions.com/insights/reports/ai-search-visibility-playbook","AI Search Visibility Playbook (Free) · Get Cited by ChatGPT & AI Search","0","","","","","","","Indexable",""
"https://magicworksitsolutions.com/insights/reports/manufacturers-growth-playbook","The Manufacturer's Growth Playbook (Free) · From Referrals to Predictable Inbound · MagicWorks","0","","","","","","","Indexable",""
"https://magicworksitsolutions.com/insights/reports/ai-for-professional-services","AI for Professional Services Firms (Free) · A Partner's Guide to Confidentiality, Process & ROI · MagicWorks","0","","","","","","","Indexable",""
"https://magicworksitsolutions.com/authors/swapnil-ughade","Swapnil Ughade · Author · MagicWorks","0","","","","","","","Indexable",""
