"Address","Status Code","Title 1"
"https://magicworksitsolutions.com/","200","MagicWorks · AI-First Digital Marketing Agency in Pune · MagicWorks"
"https://magicworksitsolutions.com/services","200","Services · MagicWorks"
"https://magicworksitsolutions.com/insights/reports","200","Reports · Insights · MagicWorks"
"https://magicworksitsolutions.com/careers","200","Careers at MagicWorks · MagicWorks"
"https://magicworksitsolutions.com/industries/manufacturing","200","Digital Marketing & AI Consultation for Manufacturing · MagicWorks"
"https://magicworksitsolutions.com/services/ai-consultation","200","AI Consultation for Founders & Operators · MagicWorks"
"https://magicworksitsolutions.com/_next/image?url=%2Flogo-header.webp&w=3840&q=75&dpl=dpl_61gKP5VGt1Jkai1mdkMzRKrey7vn","200",""
"https://magicworksitsolutions.com/group/magicflow-ai","200","MagicFlow AI · MagicWorks Group · MagicWorks"
"https://magicworksitsolutions.com/industries/professional-services","200","AI Consultation & Digital Marketing for Professional Services · MagicWorks"
"https://magicworksitsolutions.com/services/digital-marketing","200","Digital Marketing Agency in Pune · MagicWorks"
"https://magicworksitsolutions.com/industries/real-estate","200","Digital Marketing & Web for Real Estate · MagicWorks"
"https://magicworksitsolutions.com/industries/education","200","Digital Marketing & Web Development for Education · MagicWorks"
"https://magicworksitsolutions.com/_next/image?url=%2Flogo-footer.webp&w=3840&q=75&dpl=dpl_61gKP5VGt1Jkai1mdkMzRKrey7vn","200",""
"https://magicworksitsolutions.com/blog","200","Blog · MagicWorks"
"https://magicworksitsolutions.com/privacy","200","Privacy Policy · MagicWorks"
"https://magicworksitsolutions.com/work","200","Work · MagicWorks"
"https://magicworksitsolutions.com/about","200","About MagicWorks · MagicWorks"
"https://magicworksitsolutions.com/terms","200","Terms of Use · MagicWorks"
"https://magicworksitsolutions.com/group/magic-pipeline","200","Magic Pipeline · MagicWorks Group · MagicWorks"
"https://magicworksitsolutions.com/group/magicworks-host","200","MagicWorks Host · MagicWorks Group · MagicWorks"
"https://magicworksitsolutions.com/contact","200","Get in Touch · MagicWorks"
"https://magicworksitsolutions.com/services/web-development","200","AI-Native Website Development · MagicWorks"
"https://magicworksitsolutions.com/insights/whitepapers","200","Whitepapers | Insights · MagicWorks"
"https://magicworksitsolutions.com/services/web-development/maintenance-amc","200","Web AMC & Website Maintenance · MagicWorks · MagicWorks"
"https://magicworksitsolutions.com/services/platform-consultation","200","Marketplace & Platform Consultation · MagicWorks"
"https://magicworksitsolutions.com/insights/whitepapers/ai-automation-readiness-indian-smes","200","AI Automation Readiness for Indian SMEs | Whitepapers · MagicWorks"
"https://magicworksitsolutions.com/insights/whitepapers/performance-marketing-roi","200","Performance Marketing ROI: The MagicWorks Framework | Whitepapers · MagicWorks"
"https://magicworksitsolutions.com/services/web-development/ai-native-websites","200","AI-Native Website Development · MagicWorks · MagicWorks"
"https://magicworksitsolutions.com/services/platform-consultation/roadmap-audit","200","Platform Roadmap Audit · MagicWorks · MagicWorks"
"https://magicworksitsolutions.com/services/web-development/ecommerce","200","E-commerce Website Development · MagicWorks · MagicWorks"
"https://magicworksitsolutions.com/services/platform-consultation/advisory-sprint","200","Targeted Advisory Sprint · Platform Consultation · MagicWorks · MagicWorks"
"https://magicworksitsolutions.com/work/b2b-enterprise-software-abm-demos","200","B2B Enterprise Software Company Achieves 85 Demo Bookings Per Month With Account-Based Marketing · MagicWorks"
"https://magicworksitsolutions.com/services/platform-consultation/workshop","200","Platform Strategy Workshop · MagicWorks · MagicWorks"
"https://magicworksitsolutions.com/services/platform-consultation/embedded-advisor","200","Embedded Platform Advisor · MagicWorks · MagicWorks"
"https://magicworksitsolutions.com/work/regional-retail-chain-footfall-growth","200","Regional Retail Chain Increases Footfall 27% With Hyperlocal Store-Level Marketing · MagicWorks"
"https://magicworksitsolutions.com/work/commercial-contractor-b2b-project-inquiries","200","Commercial Contractor Generates 13 Project Inquiries Per Month With B2B Digital Credibility Build · MagicWorks"
"https://magicworksitsolutions.com/work/boutique-resort-direct-booking-growth","200","Boutique Resort Grows Direct Bookings 38% and Reduces OTA Commission Dependency · MagicWorks"
"https://magicworksitsolutions.com/work/aishwaryam-real-estate-pipeline","200","Aishwaryam Group Drives 6,500+ Units Into Pipeline With Dual-Funnel Campaigns · MagicWorks"
"https://magicworksitsolutions.com/work/srj-steel-b2b-digital-presence","200","SRJ Steel Builds a Full-Funnel Digital Presence From Zero to 110+ RFQs Per Month · MagicWorks"
"https://magicworksitsolutions.com/work/multi-specialty-hospital-opd-growth","200","Multi-Specialty Hospital Adds 1,100 OPD Bookings Per Month With Local SEO and Reputation Recovery · MagicWorks"
"https://magicworksitsolutions.com/_next/image?url=https%3A%2F%2Fcdn.sanity.io%2Fimages%2Fwa86etuq%2Fproduction%2Fa356f01d60f15dbf35fce2f7efa310fa695076f3-550x350.png&w=3840&q=75","200",""
"https://magicworksitsolutions.com/work/design-institute-2x-inquiry-growth","200","Design Institute Grows Monthly Inquiries 2.6X With Brand-Led Digital Marketing · MagicWorks"
"https://magicworksitsolutions.com/work/steel-manufacturer-b2b-rfq-growth","200","Steel Manufacturer Generates 110+ RFQs Per Month With B2B SEO and LinkedIn Outreach · MagicWorks"
"https://magicworksitsolutions.com/_next/image?url=https%3A%2F%2Fcdn.sanity.io%2Fimages%2Fwa86etuq%2Fproduction%2Fb9f825c4da1b2e8ff4e42e12fa8a419ee4311856-550x350.jpg&w=3840&q=75","200",""
"https://magicworksitsolutions.com/work/trexova-wellness-tourism-pipeline","200","Trexova Builds a Global Wellness Tourism Pipeline With 3,400 Leads and 36% Conversion · MagicWorks"
"https://magicworksitsolutions.com/work/d2c-lifestyle-brand-roas-growth","200","D2C Lifestyle Brand Achieves 3.5X ROAS and ₹32L Monthly Revenue With Full-Funnel Rebuild · MagicWorks"
"https://magicworksitsolutions.com/blog/pune-businesses-ai-social-media-traditional-agencies-2026","200","AI Social Media Services for Pune Businesses 2026: The Switch Explained · MagicWorks"
"https://magicworksitsolutions.com/_next/image?url=https%3A%2F%2Fcdn.sanity.io%2Fimages%2Fwa86etuq%2Fproduction%2F647e1d997a14a34e5855b63838a31164767911e5-1000x636.jpg&w=3840&q=75","200",""
"https://magicworksitsolutions.com/blog/real-cost-of-ai-indian-marketing-sales-2026","200","The Real Cost of AI in Indian Marketing & Sales: 2026 Guide · MagicWorks"
"https://magicworksitsolutions.com/blog/google-ai-mode-india-advertisers-2026","200","Google AI Overviews & AI Max in India: 90-Day Playbook · MagicWorks"
"https://magicworksitsolutions.com/_next/image?url=https%3A%2F%2Fcdn.sanity.io%2Fimages%2Fwa86etuq%2Fproduction%2F2fea061b9151a3f38d95dad7e697a6c069346d5a-1000x636.jpg&w=3840&q=75","200",""
"https://magicworksitsolutions.com/_next/image?url=https%3A%2F%2Fcdn.sanity.io%2Fimages%2Fwa86etuq%2Fproduction%2F0cd4a6024923416e8ad14d0ceb37c7ab3ff12f39-550x350.jpg&w=3840&q=75","200",""
"https://magicworksitsolutions.com/blog/website-development-cost-india","200","Website Development Cost India 2026: Rs 15K vs Rs 2 Lakh — The Real Comparison · MagicWorks"
"https://magicworksitsolutions.com/_next/image?url=https%3A%2F%2Fcdn.sanity.io%2Fimages%2Fwa86etuq%2Fproduction%2F2d666b8bc08bd030c9b02db8ab1ba78225bccc75-550x350.jpg&w=3840&q=75","200",""
"https://magicworksitsolutions.com/blog/ai-chatbot-vs-lead-forms-b2b-india","200","AI Chatbots vs Lead Forms India B2B 2026: Conversion Data Compared · MagicWorks"
"https://magicworksitsolutions.com/_next/image?url=https%3A%2F%2Fcdn.sanity.io%2Fimages%2Fwa86etuq%2Fproduction%2F01302c9a778f183bad81e316fe1bdc289f220660-1619x971.png&w=3840&q=75","200",""
"https://magicworksitsolutions.com/blog/transform-your-online-presence-with-website-development-solutions-tailored-for-shopify","200","Shopify Website Development India 2026: Setup, Costs and Best Practices · MagicWorks"
"https://magicworksitsolutions.com/blog/ai-social-media-services-vs-traditional-agencies-2026","200","AI Social Media Services vs Traditional Agencies India 2026 · MagicWorks"
"https://magicworksitsolutions.com/blog/transform-your-business-with-the-best-digital-marketing-agency","200","Digital Marketing Agency Transformation India: 8 Capabilities That Drive Growth · MagicWorks"
"https://magicworksitsolutions.com/blog/social-media-marketing-company-pune-2026","200","Social Media Marketing Company Pune 2026: How to Choose the Right Partner · MagicWorks"
"https://magicworksitsolutions.com/blog/beyond-code-what-sets-top-web-development-agencies-apart-from-the-rest","200","Top Web Development Agencies India 2026: How to Choose the Right Partner · MagicWorks"
"https://magicworksitsolutions.com/_next/image?url=https%3A%2F%2Fcdn.sanity.io%2Fimages%2Fwa86etuq%2Fproduction%2F47a331cc3a920541a5167e9043faa6554628fd13-1000x636.png&w=3840&q=75","200",""
"https://magicworksitsolutions.com/blog/the-foundation-of-digital-success-strategic-web-design-development","200","Strategic Web Design and Development for Indian Businesses 2026 · MagicWorks"
"https://magicworksitsolutions.com/_next/image?url=https%3A%2F%2Fcdn.sanity.io%2Fimages%2Fwa86etuq%2Fproduction%2Fb80d2fda34e743bec5b7458db197daa9bfbd96d2-1117x749.png&w=3840&q=75","200",""
"https://magicworksitsolutions.com/_next/image?url=https%3A%2F%2Fcdn.sanity.io%2Fimages%2Fwa86etuq%2Fproduction%2F2097199285dcb259e0411c990ea21477ebc45cd1-550x350.jpg&w=3840&q=75","200",""
"https://magicworksitsolutions.com/_next/image?url=https%3A%2F%2Fcdn.sanity.io%2Fimages%2Fwa86etuq%2Fproduction%2Fd66efe6bc8877b7cd6ad3f20946641415d1e25f2-2500x1000.webp&w=3840&q=75","200",""
"https://magicworksitsolutions.com/blog/why-digital-transformation-fails-smes-india","200","Why Indian SME Digital Transformation Fails: 5 Root Causes and Fixes · MagicWorks"
"https://magicworksitsolutions.com/blog/4-proven-methods-to-increase-your-website-conversions","200","Increase Website Conversions India 2026: 7 Proven Methods · MagicWorks"
"https://magicworksitsolutions.com/_next/image?url=https%3A%2F%2Fcdn.sanity.io%2Fimages%2Fwa86etuq%2Fproduction%2F9fcc6fad23fd9449582e0e2d3a3b5bc976d0ef21-2500x1000.jpg&w=3840&q=75","200",""
"https://magicworksitsolutions.com/blog/why-strategic-digital-marketing-firms-are-critical-for-business-success","200","Why Strategic Digital Marketing Firms Drive Business Growth in India · MagicWorks"
"https://magicworksitsolutions.com/blog/search-engine-marketing-b2b-google-ads-mistakes","200","Google Ads B2B India 2026: 7 Mistakes Draining Your Budget and How to Fix Them · MagicWorks"
"https://magicworksitsolutions.com/_next/image?url=https%3A%2F%2Fcdn.sanity.io%2Fimages%2Fwa86etuq%2Fproduction%2F7ddff3f3e7ef26d65c3a8e5375c51f2fa5aa6d53-1091x571.jpg&w=3840&q=75","200",""
"https://magicworksitsolutions.com/_next/image?url=https%3A%2F%2Fcdn.sanity.io%2Fimages%2Fwa86etuq%2Fproduction%2Fe687ce6022cd7fdc10bbef73a6e78ae82e955cfa-550x350.jpg&w=3840&q=75","200",""
"https://magicworksitsolutions.com/blog/ai-investment-framework-indian-ceos-marketing-sales-2026","200","AI Investment Framework for Indian CEOs: 2026 Guide · MagicWorks"
"https://magicworksitsolutions.com/_next/image?url=https%3A%2F%2Fcdn.sanity.io%2Fimages%2Fwa86etuq%2Fproduction%2F542fa0e485ae9b46ab78d9ba8e86bc64c9b8af53-550x350.jpg&w=3840&q=75","200",""
"https://magicworksitsolutions.com/blog/how-ai-transforms-performance-marketing-for-scalable-growth","200","AI in Performance Marketing India 2026: Tools, Impact, and ROI · MagicWorks"
"https://magicworksitsolutions.com/_next/image?url=https%3A%2F%2Fcdn.sanity.io%2Fimages%2Fwa86etuq%2Fproduction%2F18bbcf6b129d5f47b7286f92f2f289b02fa44dad-2500x1000.webp&w=3840&q=75","200",""
"https://magicworksitsolutions.com/blog/the-startups-digital-rewire-how-a-top-digital-marketing-company-fuels-sustainable-growth","200","Digital Marketing for Indian Startups: The Complete 2026 Growth Playbook · MagicWorks"
"https://magicworksitsolutions.com/_next/image?url=https%3A%2F%2Fcdn.sanity.io%2Fimages%2Fwa86etuq%2Fproduction%2Fbf7636367c7c036d5f18af5a31fafc6baec2a9e1-550x350.jpg&w=3840&q=75","200",""
"https://magicworksitsolutions.com/_next/image?url=https%3A%2F%2Fcdn.sanity.io%2Fimages%2Fwa86etuq%2Fproduction%2F6fa0f085605aa7c966a44f433fbfb7e55ab48155-550x350.webp&w=3840&q=75","200",""
"https://magicworksitsolutions.com/blog/ai-lead-qualification-b2b-india-sales-heads-2026","200","AI Lead Qualification for B2B India: 2026 Sales Head Guide · MagicWorks"
"https://magicworksitsolutions.com/_next/image?url=https%3A%2F%2Fcdn.sanity.io%2Fimages%2Fwa86etuq%2Fproduction%2Fb8c0c536b87e8b37e0eef17c8276d597b699d9d0-1205x634.png&w=3840&q=75","200",""
"https://magicworksitsolutions.com/blog/the-ultimate-guide-to-hiring-the-best-digital-marketing-agency","200","How to Hire the Best Digital Marketing Agency in India (2026) · MagicWorks"
"https://magicworksitsolutions.com/_next/image?url=https%3A%2F%2Fcdn.sanity.io%2Fimages%2Fwa86etuq%2Fproduction%2F3b19efad3b49a93e7dc950d37fad1f41557a7506-550x350.jpg&w=3840&q=75","200",""
"https://magicworksitsolutions.com/_next/image?url=https%3A%2F%2Fcdn.sanity.io%2Fimages%2Fwa86etuq%2Fproduction%2Fb7c49cf1e99356ec1858e7c05cfe80fcddd62aac-1122x732.png&w=3840&q=75","200",""
"https://magicworksitsolutions.com/_next/image?url=https%3A%2F%2Fcdn.sanity.io%2Fimages%2Fwa86etuq%2Fproduction%2F5b037edef169613228c27848508babc576d981ad-1250x500.webp&w=3840&q=75","200",""
"https://magicworksitsolutions.com/_next/image?url=https%3A%2F%2Fcdn.sanity.io%2Fimages%2Fwa86etuq%2Fproduction%2F75e8f37b4c59f9e1ef5b0201bed07ebd9909a95e-550x350.webp&w=3840&q=75","200",""
"https://magicworksitsolutions.com/blog/9-essential-steps-to-start-your-online-business","200","9 Steps to Start an Online Business in India (2026 Guide) · MagicWorks"
"https://magicworksitsolutions.com/blog/indian-b2b-marketing-strategy-gap-explained","200","Indian B2B Marketing ROI Gap: 4 Strategy Fixes That Work in 2026 · MagicWorks"
"https://magicworksitsolutions.com/blog/how-performance-marketing-agencies-help-brands-move-from-spend-to-scale","200","Performance Marketing Agencies India 2026: From Spend to Scale · MagicWorks"
"https://magicworksitsolutions.com/_next/image?url=https%3A%2F%2Fcdn.sanity.io%2Fimages%2Fwa86etuq%2Fproduction%2F7d71fe7604115c5433afbadcb5262d67d727143c-2500x1000.webp&w=3840&q=75","200",""
"https://magicworksitsolutions.com/_next/image?url=https%3A%2F%2Fcdn.sanity.io%2Fimages%2Fwa86etuq%2Fproduction%2Fdfe0f9c819ec2913f7817615a681614af566a1eb-550x350.webp&w=3840&q=75","200",""
"https://magicworksitsolutions.com/blog/strengthen-your-content-strategy-with-customer-input","200","Customer-Led Content Strategy for Indian Businesses: 2026 Guide · MagicWorks"
"https://magicworksitsolutions.com/blog/geo-for-indian-businesses-2026","200","GEO for Indian Businesses: Get Cited by AI Search in 2026 · MagicWorks"
"https://magicworksitsolutions.com/services/digital-marketing/site-performance-conversion","200","Site Performance & Conversion Optimisation · MagicWorks · MagicWorks"
"https://magicworksitsolutions.com/services/digital-marketing/linkedin-organic-social","200","LinkedIn & B2B Organic Social · MagicWorks · MagicWorks"
"https://magicworksitsolutions.com/work/simplidistance-mba-enrollments","200","SimpliDistance Scales MBA Enrollments With High-Intent Search Advertising · MagicWorks"
"https://magicworksitsolutions.com/blog/the-essential-guide-to-social-media-marketing-dos-and-donts","200","Social Media Marketing India 2026: Dos, Donts and Best Practices · MagicWorks"
"https://magicworksitsolutions.com/services/digital-marketing/google-ads-search-marketing","200","Google Ads & Search Marketing Agency · MagicWorks · MagicWorks"
"https://magicworksitsolutions.com/services/digital-marketing/email-marketing","200","Email Marketing & Lifecycle Automation · MagicWorks · MagicWorks"
"https://magicworksitsolutions.com/services/digital-marketing/meta-ads","200","Meta Ads · Facebook & Instagram Advertising · MagicWorks · MagicWorks"
"https://magicworksitsolutions.com/_next/image?url=https%3A%2F%2Fcdn.sanity.io%2Fimages%2Fwa86etuq%2Fproduction%2F5974132e574682a4babb762de6d1ea281f9e8b1b-550x350.webp&w=3840&q=75","200",""
"https://magicworksitsolutions.com/services/digital-marketing/thought-leadership-geo","200","Thought Leadership & Generative-Engine Visibility · MagicWorks · MagicWorks"
"https://magicworksitsolutions.com/services/digital-marketing/youtube-video-optimisation","200","YouTube Video Optimisation & Channel Growth · MagicWorks · MagicWorks"
"https://magicworksitsolutions.com/services/digital-marketing/gmb-optimisation","200","Google Business Profile & Local SEO · MagicWorks · MagicWorks"
"https://magicworksitsolutions.com/services/digital-marketing/full-funnel-programme","200","Full-Funnel Digital Marketing Programme · MagicWorks · MagicWorks"
"https://magicworksitsolutions.com/group","200","The MagicWorks Group · MagicWorks"
"https://magicworksitsolutions.com/services/ai-consultation/embedded-advisor","200","Embedded AI Advisor · MagicWorks · MagicWorks"
"https://magicworksitsolutions.com/tools/ai-readiness-assessment","200","AI Readiness Assessment · Free Quiz · MagicWorks"
"https://magicworksitsolutions.com/services/digital-marketing/seo-aeo","200","Search Engine Optimization (SEO) & Answer Engine Optimization (AEO) · MagicWorks · MagicWorks"
"https://magicworksitsolutions.com/services/ai-consultation/workshop","200","AI Literacy Workshop for Leadership · MagicWorks · MagicWorks"
"https://magicworksitsolutions.com/services/ai-consultation/vendor-sprint","200","AI Vendor & Build-vs-Buy Sprint · MagicWorks · MagicWorks"
"https://magicworksitsolutions.com/careers/web-developer-full-stack","200","Web Developer (Full Stack: React, Node.js & AI Assisted) · Careers · MagicWorks · MagicWorks"
"https://magicworksitsolutions.com/careers/seo-aeo-geo-intern","200","SEO / AEO / GEO Intern · Careers · MagicWorks · MagicWorks"
"https://magicworksitsolutions.com/services/ai-consultation/process-audit","200","AI Process Audit & Roadmap · MagicWorks · MagicWorks"
"https://magicworksitsolutions.com/careers/digital-marketing-intern","200","Digital Marketing Intern · Careers · MagicWorks · MagicWorks"
"https://magicworksitsolutions.com/careers/performance-marketing-executive","200","Performance Marketing Executive · Careers · MagicWorks · MagicWorks"
"https://magicworksitsolutions.com/careers/sales-executive-ai-product","200","Sales Executive — AI Product · Careers · MagicWorks · MagicWorks"
"https://magicworksitsolutions.com/careers/digital-marketing-sales-executive","200","Digital Marketing Sales Executive · Careers · MagicWorks · MagicWorks"
"https://magicworksitsolutions.com/insights/reports/platform-strategy-checklist","200","Platform Strategy Checklist (Free) · 22 Decisions Before You Build · MagicWorks"
"https://magicworksitsolutions.com/careers/nextjs-developer","200","Next.js Developer · Careers · MagicWorks · MagicWorks"
"https://magicworksitsolutions.com/careers/seo-executive","200","SEO Executive · Careers · MagicWorks · MagicWorks"
"https://magicworksitsolutions.com/insights","308",""
"https://magicworksitsolutions.com/careers/digital-marketing-manager","200","Digital Marketing Manager · Careers · MagicWorks · MagicWorks"
"https://magicworksitsolutions.com/insights/reports/ai-readiness-playbook","200","AI Readiness Playbook (Free) · A Founder's Guide to AI Without the Hype · MagicWorks"
"https://magicworksitsolutions.com/insights/reports/ai-native-website-spec-sheet","200","AI-Native Website Spec Sheet (Free) · What to Demand From Your Next Build · MagicWorks"
"https://magicworksitsolutions.com/insights/reports/ai-search-visibility-playbook","200","AI Search Visibility Playbook (Free) · Get Cited by ChatGPT & AI Search"
"https://magicworksitsolutions.com/insights/strengthen-your-content-strategy-with-customer-input","308",""
"https://magicworksitsolutions.com/insights/reports/manufacturers-growth-playbook","200","The Manufacturer's Growth Playbook (Free) · From Referrals to Predictable Inbound · MagicWorks"
"https://magicworksitsolutions.com/_next/image?url=https%3A%2F%2Fimages.berqwp.com%2F%3Fdomain%3Dmagicworksitsolutions.com%26w%3D300%26mw%3D1920%26q%3D90%26url%3Dhttps%3A%2F%2Fmagicworksitsolutions.com%2Fwp-content%2Fuploads%2F2026%2F05%2Fai-citation-sources-2026-youtube-reddit-wikipediaoup.webp&w=3840&q=75","200",""
"https://magicworksitsolutions.com/insights/reports/ai-for-professional-services","200","AI for Professional Services Firms (Free) · A Partner's Guide to Confidentiality, Process & ROI · MagicWorks"
"https://magicworksitsolutions.com/_next/image?url=https%3A%2F%2Fimages.berqwp.com%2F%3Fdomain%3Dmagicworksitsolutions.com%26w%3D300%26mw%3D1920%26q%3D90%26url%3Dhttps%3A%2F%2Fmagicworksitsolutions.com%2Fwp-content%2Fuploads%2F2026%2F05%2Fgeo-90-day-action-plan-timeline-indian-businesses.webp&w=3840&q=75","200",""
"https://magicworksitsolutions.com/_next/image?url=https%3A%2F%2Fimages.berqwp.com%2F%3Fdomain%3Dmagicworksitsolutions.com%26w%3D300%26mw%3D1920%26q%3D90%26url%3Dhttps%3A%2F%2Fmagicworksitsolutions.com%2Fwp-content%2Fuploads%2F2026%2F05%2Fgeo-vs-seo-comparison-2026.png.webp&w=3840&q=75","200",""
"https://magicworksitsolutions.com/_next/image?url=https%3A%2F%2Fcdn.sanity.io%2Fimages%2Fwa86etuq%2Fproduction%2F7431aac9e24112ebfc65f848f89bef6471bf9a4b-2500x1000.jpg&w=3840&q=75","200",""
"https://magicworksitsolutions.com/_next/image?url=https%3A%2F%2Fcdn.sanity.io%2Fimages%2Fwa86etuq%2Fproduction%2F3f5a550db51503ba000138aef1eb09928a749b9d-2500x1000.jpg&w=3840&q=75","200",""
"https://magicworksitsolutions.com/_next/image?url=https%3A%2F%2Fcdn.sanity.io%2Fimages%2Fwa86etuq%2Fproduction%2Fdfbc1e80f72566a4d7172cae56e0549f6e6e99e9-2500x1000.jpg&w=3840&q=75","200",""
"https://magicworksitsolutions.com/insights/why-digital-transformation-fails-smes-india","308",""
"https://magicworksitsolutions.com/_next/image?url=https%3A%2F%2Fimages.berqwp.com%2F%3Fdomain%3Dmagicworksitsolutions.com%26w%3D300%26mw%3D1920%26q%3D90%26url%3Dhttps%3A%2F%2Fmagicworksitsolutions.com%2Fwp-content%2Fuploads%2F2026%2F05%2F18-Month-AI-Return-Signal-Timeline.webp&w=3840&q=75","200",""
"https://magicworksitsolutions.com/_next/image?url=https%3A%2F%2Fimages.berqwp.com%2F%3Fdomain%3Dmagicworksitsolutions.com%26w%3D300%26mw%3D1920%26q%3D90%26url%3Dhttps%3A%2F%2Fmagicworksitsolutions.com%2Fwp-content%2Fuploads%2F2026%2F05%2FFour-Quadrant-Decision-Filter.webp&w=3840&q=75","200",""
"https://magicworksitsolutions.com/insights/ai-chatbot-vs-lead-forms-b2b-india","308",""
"https://magicworksitsolutions.com/insights/transform-your-business-with-the-best-digital-marketing-agency","308",""
"https://magicworksitsolutions.com/insights/9-essential-steps-to-start-your-online-business","308",""
"https://magicworksitsolutions.com/_next/image?url=https%3A%2F%2Fcdn.sanity.io%2Fimages%2Fwa86etuq%2Fproduction%2F1862a6ca8657a29515f1c341bb5367f1ae2a5e89-2500x1000.jpg&w=3840&q=75","200",""
"https://magicworksitsolutions.com/insights/how-to-hire-a-digital-marketing-agency-india","308",""
"https://magicworksitsolutions.com/insights/the-complete-guide-to-hiring-a-digital-marketing-agency-in-india-2026","308",""
"https://magicworksitsolutions.com/_next/image?url=https%3A%2F%2Fimages.berqwp.com%2F%3Fdomain%3Dmagicworksitsolutions.com%26w%3D300%26mw%3D1920%26q%3D90%26url%3Dhttps%3A%2F%2Fmagicworksitsolutions.com%2Fwp-content%2Fuploads%2F2026%2F05%2F48-to-12-AI-Shutdown-Discipline.webp&w=3840&q=75","200",""
"https://magicworksitsolutions.com/insights/why-strategic-digital-marketing-firms-are-critical-for-business-success","308",""
"https://magicworksitsolutions.com/_next/image?url=https%3A%2F%2Fimages.berqwp.com%2F%3Fdomain%3Dmagicworksitsolutions.com%26w%3D300%26mw%3D1920%26q%3D90%26url%3Dhttps%3A%2F%2Fmagicworksitsolutions.com%2Fwp-content%2Fuploads%2F2026%2F05%2FIndian-AI-Investment-Budget-Tiers.webp&w=3840&q=75","200",""
"https://magicworksitsolutions.com/insights/the-ultimate-guide-to-hiring-the-best-digital-marketing-agency","308",""
"https://magicworksitsolutions.com/insights/how-performance-marketing-agencies-help-brands-move-from-spend-to-scale","308",""
"https://magicworksitsolutions.com/insights/the-startups-digital-rewire-how-a-top-digital-marketing-company-fuels-sustainable-growth","308",""
"https://magicworksitsolutions.com/insights/pune-businesses-ai-social-media-traditional-agencies-2026","308",""
"https://magicworksitsolutions.com/insights/website-development-cost-india","308",""
"https://magicworksitsolutions.com/insights/search-engine-marketing-b2b-google-ads-mistakes","308",""
"https://magicworksitsolutions.com/insights/the-foundation-of-digital-success-strategic-web-design-development","308",""
"https://magicworksitsolutions.com/insights/transform-your-online-presence-with-website-development-solutions-tailored-for-shopify","308",""
"https://magicworksitsolutions.com/_next/image?url=https%3A%2F%2Fimages.berqwp.com%2F%3Fdomain%3Dmagicworksitsolutions.com%26w%3D300%26mw%3D1920%26q%3D90%26url%3Dhttps%3A%2F%2Fmagicworksitsolutions.com%2Fwp-content%2Fuploads%2F2026%2F05%2Fgoogle-ads-ai-max-90-day-migration-plan-timeline.webp&w=3840&q=75","200",""
"https://magicworksitsolutions.com/insights/beyond-code-what-sets-top-web-development-agencies-apart-from-the-rest","308",""
"https://magicworksitsolutions.com/insights/4-proven-methods-to-increase-your-website-conversions","308",""
"https://magicworksitsolutions.com/_next/image?url=https%3A%2F%2Fimages.berqwp.com%2F%3Fdomain%3Dmagicworksitsolutions.com%26w%3D300%26mw%3D1920%26q%3D90%26url%3Dhttps%3A%2F%2Fmagicworksitsolutions.com%2Fwp-content%2Fuploads%2F2026%2F05%2Fai-max-search-independent-testing-results-2026.webp&w=3840&q=75","200",""
"https://magicworksitsolutions.com/_next/image?url=https%3A%2F%2Fimages.berqwp.com%2F%3Fdomain%3Dmagicworksitsolutions.com%26w%3D300%26mw%3D1920%26q%3D90%26url%3Dhttps%3A%2F%2Fmagicworksitsolutions.com%2Fwp-content%2Fuploads%2F2026%2F05%2Fprobability-weighted-ai-cost.webp&w=3840&q=75","200",""
"https://magicworksitsolutions.com/_next/image?url=https%3A%2F%2Fimages.berqwp.com%2F%3Fdomain%3Dmagicworksitsolutions.com%26w%3D300%26mw%3D1920%26q%3D90%26url%3Dhttps%3A%2F%2Fmagicworksitsolutions.com%2Fwp-content%2Fuploads%2F2026%2F05%2Fgoogle-ai-overviews-india-january-2026-launch-countries.webp&w=3840&q=75","200",""
"https://magicworksitsolutions.com/_next/image?url=https%3A%2F%2Fcdn.sanity.io%2Fimages%2Fwa86etuq%2Fproduction%2Fac08a674e7e1516369a58804bc5153f59f8a70be-400x400.heif&w=96&q=75","200",""
"https://magicworksitsolutions.com/_next/image?url=https%3A%2F%2Fcdn.sanity.io%2Fimages%2Fwa86etuq%2Fproduction%2Fac08a674e7e1516369a58804bc5153f59f8a70be-400x400.heif&w=128&q=75","200",""
"https://magicworksitsolutions.com/insights/indian-b2b-marketing-strategy-gap-explained","308",""
"https://magicworksitsolutions.com/insights/the-essential-guide-to-social-media-marketing-dos-and-donts","308",""
"https://magicworksitsolutions.com/_next/image?url=https%3A%2F%2Fimages.berqwp.com%2F%3Fdomain%3Dmagicworksitsolutions.com%26w%3D300%26mw%3D1920%26q%3D90%26url%3Dhttps%3A%2F%2Fmagicworksitsolutions.com%2Fwp-content%2Fuploads%2F2026%2F05%2Fai-cost-iceberg.webp&w=3840&q=75","200",""
"https://magicworksitsolutions.com/_next/image?url=https%3A%2F%2Fimages.berqwp.com%2F%3Fdomain%3Dmagicworksitsolutions.com%26w%3D300%26mw%3D1920%26q%3D90%26url%3Dhttps%3A%2F%2Fmagicworksitsolutions.com%2Fwp-content%2Fuploads%2F2026%2F05%2Fhubspot-vs-salesforce-tco.webp&w=3840&q=75","200",""
"https://magicworksitsolutions.com/insights/social-media-marketing-company-pune-2026","308",""
"https://magicworksitsolutions.com/insights/how-ai-transforms-performance-marketing-for-scalable-growth","308",""
"https://magicworksitsolutions.com/blog/the-complete-guide-to-hiring-a-digital-marketing-agency-in-india-2026","308",""
"https://magicworksitsolutions.com/blog/how-to-hire-a-digital-marketing-agency-india","308",""
"https://magicworksitsolutions.com/_next/image?url=https%3A%2F%2Fimages.berqwp.com%2F%3Fdomain%3Dmagicworksitsolutions.com%26w%3D300%26mw%3D1920%26q%3D90%26url%3Dhttps%3A%2F%2Fmagicworksitsolutions.com%2Fwp-content%2Fuploads%2F2026%2F05%2F5-use-case-comparison-matrix.webp&w=3840&q=75","200",""
"https://magicworksitsolutions.com/authors/swapnil-ughade","200","Swapnil Ughade · Author · MagicWorks"
"https://magicworksitsolutions.com/insights/google-ai-mode-india-advertisers-2026","308",""
"https://magicworksitsolutions.com/insights/geo-for-indian-businesses-2026","308",""
"https://magicworksitsolutions.com/insights/ai-investment-framework-indian-ceos-marketing-sales-2026","308",""
"https://magicworksitsolutions.com/_next/image?url=https%3A%2F%2Fimages.berqwp.com%2F%3Fdomain%3Dmagicworksitsolutions.com%26w%3D300%26mw%3D1920%26q%3D90%26url%3Dhttps%3A%2F%2Fmagicworksitsolutions.com%2Fwp-content%2Fuploads%2F2026%2F05%2Fgeo-indian-businesses-2026-hero.webp&w=256&q=75","200",""
"https://magicworksitsolutions.com/insights/real-cost-of-ai-indian-marketing-sales-2026","308",""
"https://magicworksitsolutions.com/insights/ai-lead-qualification-b2b-india-sales-heads-2026","308",""
"https://magicworksitsolutions.com/_next/image?url=https%3A%2F%2Fcdn.sanity.io%2Fimages%2Fwa86etuq%2Fproduction%2Fac08a674e7e1516369a58804bc5153f59f8a70be-400x400.heif&w=256&q=75","200",""
"https://magicworksitsolutions.com/_next/image?url=https%3A%2F%2Fimages.berqwp.com%2F%3Fdomain%3Dmagicworksitsolutions.com%26w%3D300%26mw%3D1920%26q%3D90%26url%3Dhttps%3A%2F%2Fmagicworksitsolutions.com%2Fwp-content%2Fuploads%2F2026%2F05%2FAI-Investment-Decision-Framework-Hero.webp&w=256&q=75","200",""
"https://magicworksitsolutions.com/_next/image?url=https%3A%2F%2Fcdn.sanity.io%2Fimages%2Fwa86etuq%2Fproduction%2F7d71fe7604115c5433afbadcb5262d67d727143c-2500x1000.webp&w=256&q=75","200",""
"https://magicworksitsolutions.com/_next/image?url=https%3A%2F%2Fimages.berqwp.com%2F%3Fdomain%3Dmagicworksitsolutions.com%26w%3D300%26mw%3D1920%26q%3D90%26url%3Dhttps%3A%2F%2Fmagicworksitsolutions.com%2Fwp-content%2Fuploads%2F2026%2F05%2Fgoogle-ai-mode-india-90-day-plan-2026.webp&w=256&q=75","200",""
"https://magicworksitsolutions.com/_next/image?url=https%3A%2F%2Fcdn.sanity.io%2Fimages%2Fwa86etuq%2Fproduction%2F9fcc6fad23fd9449582e0e2d3a3b5bc976d0ef21-2500x1000.jpg&w=256&q=75","200",""
"https://magicworksitsolutions.com/insights/ai-social-media-services-vs-traditional-agencies-2026","308",""
