"Address","Occurrences","Meta Description 1","Meta Description 1 Length","Meta Description 1 Pixel Width","Indexability","Indexability Status"
"https://magicworksitsolutions.com/","1","Human strategy, machine acceleration. We turn traffic, leads, and operations into predictable revenue for ambitious Indian businesses. Book a discovery call.","157","991","Indexable",""
"https://magicworksitsolutions.com/services","1","Four service pillars: Digital Marketing, Web Development, AI Consultation, and Marketplace & Platform Consultation. Two that deliver, two that advise.","150","946","Indexable",""
"https://magicworksitsolutions.com/insights/reports","1","Downloadable research reports from MagicWorks on AI adoption, performance marketing, and digital strategy for Indian businesses.","128","838","Indexable",""
"https://magicworksitsolutions.com/careers","1","Join MagicWorks IT Solutions in Pune. We are hiring across digital marketing, web development, AI, design, and operations. See open roles.","138","881","Indexable",""
"https://magicworksitsolutions.com/industries/manufacturing","1","MagicWorks is the Priority 1 AI Consultation vertical for manufacturing. Digital presence, B2B lead generation, and AI process roadmaps for Indian manufacturers.","161","1022","Indexable",""
"https://magicworksitsolutions.com/services/ai-consultation","1","A clear, defensible AI roadmap. Consultation only: we advise and design the path, and you choose who builds it. Independent AI advisory for Indian businesses.","158","1004","Indexable",""
"https://magicworksitsolutions.com/group/magicflow-ai","1","MagicFlow AI is an AI product from the MagicWorks Group, a SaaS chatbot and automation platform for businesses. Part of the MagicWorks family.","142","933","Indexable",""
"https://magicworksitsolutions.com/industries/professional-services","1","MagicWorks works with CA firms, law practices, consultancies, and advisory firms. Priority 2 vertical for AI Consultation. Trusted advisors advising trusted advisors.","166","1031","Indexable",""
"https://magicworksitsolutions.com/services/digital-marketing","1","Predictable revenue from traffic and leads. Ten digital marketing services on a monthly retainer, with a commission tier for larger ad spends. Book a call.","155","961","Indexable",""
"https://magicworksitsolutions.com/industries/real-estate","1","MagicWorks helps real estate developers generate qualified buyer enquiries. 6,500+ units in pipeline for Aishwaryam with below-benchmark CPL.","141","918","Indexable",""
"https://magicworksitsolutions.com/industries/education","1","MagicWorks helps education businesses generate high-intent student enquiries. See how we drove 75,000+ qualified leads per year for SimpliDistance.","147","956","Indexable",""
"https://magicworksitsolutions.com/blog","1","Practical thinking on digital marketing, AI, web development, and business growth from the MagicWorks team.","107","698","Indexable",""
"https://magicworksitsolutions.com/privacy","1","Privacy policy for magicworksitsolutions.com, MagicWorks IT Solutions Pvt. Ltd. How we collect, use, and protect your data under the DPDP Act 2023.","147","946","Non-Indexable","noindex"
"https://magicworksitsolutions.com/work","1","Result-led case studies from MagicWorks. Education, real estate, manufacturing: real numbers, named clients, honest accounts of what changed.","141","919","Indexable",""
"https://magicworksitsolutions.com/about","1","Founded 2009. AI-first digital marketing agency in Pune. 17 years building for ambitious Indian businesses across digital marketing, web development, and AI.","157","997","Indexable",""
"https://magicworksitsolutions.com/terms","1","Terms of Use for magicworksitsolutions.com — MagicWorks IT Solutions Pvt. Ltd.","78","516","Non-Indexable","noindex"
"https://magicworksitsolutions.com/group/magic-pipeline","1","Magic Pipeline is a SaaS AI CRM and sales pipeline product from the MagicWorks Group. Part of the MagicWorks family.","116","758","Indexable",""
"https://magicworksitsolutions.com/group/magicworks-host","1","Domain registration, web hosting, and SSL certificates from MagicWorks Host, part of the MagicWorks Group. All new hosting and domain enquiries handled here.","157","1023","Indexable",""
"https://magicworksitsolutions.com/contact","1","Book a thirty-minute discovery call with MagicWorks. No obligation. We will tell you honestly whether we are the right fit for your business.","141","870","Indexable",""
"https://magicworksitsolutions.com/services/web-development","1","AI-native websites that compound brand and conversion. Built on Next.js to generate business, not just to look good. From idea to live in 3 to 10 weeks.","152","953","Indexable",""
"https://magicworksitsolutions.com/insights/whitepapers","1","Free whitepapers from MagicWorks IT Solutions: in-depth research on AI automation readiness and performance marketing ROI for Indian businesses.","144","950","Indexable",""
"https://magicworksitsolutions.com/services/web-development/maintenance-amc","1","Ongoing maintenance for sites we built: uptime monitoring, security patches, content updates, and LLM cost management for AI-native sites.","138","893","Indexable",""
"https://magicworksitsolutions.com/services/platform-consultation","1","Founder-led judgment for portal and platform builders. Independent advice, no bundling. Strategy for edtech, B2B trade, and wellness platforms.","143","909","Indexable",""
"https://magicworksitsolutions.com/insights/whitepapers/ai-automation-readiness-indian-smes","1","Most Indian SMEs know AI matters. Few know where they actually stand. This whitepaper gives founders and operations leaders a structured five-dimension readines","160","1052","Indexable",""
"https://magicworksitsolutions.com/insights/whitepapers/performance-marketing-roi","1","Performance marketing in India is full of vanity metrics. This whitepaper delivers the measurement framework MagicWorks uses across client campaigns, covering a","160","1042","Indexable",""
"https://magicworksitsolutions.com/services/web-development/ai-native-websites","1","Websites built on Next.js with an LLM-backed backend and intelligent features, from chat to smart search. Our default build, live in 8 to 16 weeks.","147","916","Indexable",""
"https://magicworksitsolutions.com/services/platform-consultation/roadmap-audit","1","A fixed-scope sprint that pressure-tests your platform strategy and returns a sequenced, defensible roadmap you can act on with any partner.","140","894","Indexable",""
"https://magicworksitsolutions.com/services/web-development/ecommerce","1","Online stores built around the buying journey. AI-native commerce for ambitious roadmaps, or WooCommerce for simpler catalogues, with an AMC tail.","146","954","Indexable",""
"https://magicworksitsolutions.com/services/platform-consultation/advisory-sprint","1","A focused, fixed-fee engagement on a single hard platform decision: pricing model, marketplace liquidity, or build-or-buy on a specific module. 2 to 4 weeks.","157","980","Indexable",""
"https://magicworksitsolutions.com/work/b2b-enterprise-software-abm-demos","1","This enterprise software company had a genuinely superior product but was failing to reach decision-makers. The website attracted IT managers and junior de","155","1002","Indexable",""
"https://magicworksitsolutions.com/services/platform-consultation/workshop","1","A founder-led session to align your team on the platform thesis, the model, and the near-term priorities. The usual way to begin platform consultation.","151","944","Indexable",""
"https://magicworksitsolutions.com/services/platform-consultation/embedded-advisor","1","Ongoing, founder-level platform judgment for founders executing a roadmap. Regular reviews, escalation support, and re-prioritisation. A follow-on only.","152","957","Indexable",""
"https://magicworksitsolutions.com/work/regional-retail-chain-footfall-growth","1","A regional retail chain with 6 store locations was struggling against national chains and online competitors. Festive campaign performance had declined yea","155","986","Indexable",""
"https://magicworksitsolutions.com/work/commercial-contractor-b2b-project-inquiries","1","This commercial and industrial contractor had an excellent track record delivering large-scale projects but a digital credibility score of near zero. Procu","155","944","Indexable",""
"https://magicworksitsolutions.com/work/boutique-resort-direct-booking-growth","1","This boutique resort ran at strong occupancy but was bleeding net margin through OTA commissions of 18–22% per booking. Over 70% of all bookings came throu","155","1024","Indexable",""
"https://magicworksitsolutions.com/work/aishwaryam-real-estate-pipeline","1","Aishwaryam Group is a Pune-based residential developer with projects spanning budget and premium segments. To drive enquiries across both tiers simultaneou","155","1022","Indexable",""
"https://magicworksitsolutions.com/work/srj-steel-b2b-digital-presence","1","SRJ Steel had grown entirely through dealer relationships and trade fairs, with no independent digital presence beyond a basic website. When key dealer rel","155","982","Indexable",""
"https://magicworksitsolutions.com/work/multi-specialty-hospital-opd-growth","1","This multi-specialty hospital had strong clinical capabilities but was being outranked in Google Maps by competitors with weaker care outcomes but better d","155","986","Indexable",""
"https://magicworksitsolutions.com/work/design-institute-2x-inquiry-growth","1","A well-regarded design institute with strong local walk-in admissions was completely invisible online. Newer competitors with inferior programmes consisten","155","990","Indexable",""
"https://magicworksitsolutions.com/work/steel-manufacturer-b2b-rfq-growth","1","This established steel manufacturer had grown entirely through dealer relationships and trade fairs with no digital presence beyond a basic website. When k","155","986","Indexable",""
"https://magicworksitsolutions.com/work/trexova-wellness-tourism-pipeline","1","Trexova is a global wellness tourism portal launching into a category with low awareness and high purchase consideration. The challenge was to build brand","154","987","Indexable",""
"https://magicworksitsolutions.com/work/d2c-lifestyle-brand-roas-growth","1","This D2C lifestyle brand had strong product quality and growing repeat customers, but performance marketing was significantly underperforming. ROAS had dec","155","1014","Indexable",""
"https://magicworksitsolutions.com/blog/pune-businesses-ai-social-media-traditional-agencies-2026","1","From Chakan manufacturers to Hinjewadi SaaS companies, Pune businesses in 2026 are switching from traditional social media agencies to AI-augmented models. The result: 2-3x more qualified inbound leads from social channels at 30-50% lower cost per lead. Here is what that switch actually involves and how to determine if it is right for your Pune business.","356","2279","Indexable",""
"https://magicworksitsolutions.com/blog/real-cost-of-ai-indian-marketing-sales-2026","1","Honest rupee costs for AI in Indian marketing and sales across 5 use cases. Real budgets, hidden costs, payback timelines, and the 95% failure problem.","151","961","Indexable",""
"https://magicworksitsolutions.com/blog/google-ai-mode-india-advertisers-2026","1","Google AI Overviews ads and AI Max are changing Search in India. A 90-day playbook for advertisers before the Sept 2026 upgrade.","128","831","Indexable",""
"https://magicworksitsolutions.com/blog/website-development-cost-india","1","A Rs 15,000 website seems like a smart decision until you model the revenue it costs you. For mid-sized Indian B2B businesses, a cheap website can represent Rs 40-80 lakh in annual lost opportunities. Here is the complete cost and ROI analysis for website development in India in 2026.","285","1807","Indexable",""
"https://magicworksitsolutions.com/blog/ai-chatbot-vs-lead-forms-b2b-india","1","If you do not reach a B2B prospect within 24-72 hours of their first enquiry, conversion probability drops by over 80%. Traditional lead forms make this structurally impossible. AI chatbots solve it. But the real answer for high-growth Indian B2B companies is more nuanced -- here is the complete comparison with Indian market data.","332","2078","Indexable",""
"https://magicworksitsolutions.com/blog/transform-your-online-presence-with-website-development-solutions-tailored-for-shopify","1","India is Shopify's fastest-growing market globally. D2C brands generated Rs 12,000+ crore in GMV through Shopify stores in 2025. But 65% of Indian Shopify stores fail to exceed Rs 5 lakh monthly revenue — not because of product quality, but because of store architecture mistakes. Here is how to build a Shopify store that converts.","332","2094","Indexable",""
"https://magicworksitsolutions.com/blog/ai-social-media-services-vs-traditional-agencies-2026","1","In 2026, the gap between AI-powered social media services and traditional agencies is no longer a difference of degree — it is a difference of business model. Across Manufacturing, IT, Education, and Real Estate, Indian businesses switching to AI-augmented social media are seeing 2-4x higher qualified lead volume at 40-60% lower cost per lead.","345","2184","Indexable",""
"https://magicworksitsolutions.com/blog/transform-your-business-with-the-best-digital-marketing-agency","1","Digital transformation through marketing is not about outsourcing your social media calendar. The Indian businesses growing fastest use their agencies as extensions of their leadership team — connecting marketing to revenue, customer intelligence to product, and brand to pipeline. Here is what genuine transformation looks like.","329","2088","Indexable",""
"https://magicworksitsolutions.com/blog/social-media-marketing-company-pune-2026","1","Pune has 200+ social media marketing companies competing for your business in 2026. The pitch decks look identical. The promises sound the same. The monthly fees are comparable. But the difference between a social media company that drives your pipeline and one that drives your content output will only appear in your 90-day results. Here is how to tell the difference before you sign.","386","2469","Indexable",""
"https://magicworksitsolutions.com/blog/beyond-code-what-sets-top-web-development-agencies-apart-from-the-rest","1","India has over 26,000 registered web development companies. Choosing the wrong one costs businesses 3-5x the original project budget in rework, lost leads, and delayed launches. Here is the definitive framework for identifying agencies that build revenue-generating websites, not just good-looking ones.","303","1931","Indexable",""
"https://magicworksitsolutions.com/blog/the-foundation-of-digital-success-strategic-web-design-development","1","Your website is the only sales asset that works 24 hours a day, 365 days a year. Yet 67% of Indian business websites fail to generate a single inbound enquiry per week. Here is what separates a website that works from one that just exists.","239","1504","Indexable",""
"https://magicworksitsolutions.com/blog/why-digital-transformation-fails-smes-india","1","80% of Indian SME digital transformation efforts fail to deliver measurable business results. Not because the technology is broken. Not because digital marketing does not work. Because these businesses are treating digital transformation as a collection of isolated activities rather than a coherent system. The other 20% think differently.","340","2126","Indexable",""
"https://magicworksitsolutions.com/blog/4-proven-methods-to-increase-your-website-conversions","1","The average Indian website converts 1.2% of visitors into enquiries. The top 10% of Indian business websites convert 4-8%. The gap is not design. It is conversion architecture. Here are 7 methods that move the needle for Indian audiences specifically.","251","1578","Indexable",""
"https://magicworksitsolutions.com/blog/why-strategic-digital-marketing-firms-are-critical-for-business-success","1","Indian businesses collectively spend over Rs 30,000 crore annually on digital marketing. Less than 30% can attribute that spend to closed revenue. The gap is not platforms or budget. It is the difference between a tactical vendor and a strategic digital marketing firm. Here is what that difference actually looks like in practice.","331","2041","Indexable",""
"https://magicworksitsolutions.com/blog/search-engine-marketing-b2b-google-ads-mistakes","1","Indian B2B companies collectively waste an estimated Rs 8,000 crore per year on Google Ads that underperform. Not because Google Ads does not work. Because the accounts are set up incorrectly. Here are the 7 most damaging structural mistakes, with specific before-and-after fixes and realistic Indian market data.","313","2010","Indexable",""
"https://magicworksitsolutions.com/blog/ai-investment-framework-indian-ceos-marketing-sales-2026","1","A CEO framework for AI investment decisions in marketing and sales for Indian businesses in 2026. Budget tiers, build vs buy, and what to shut down.","148","943","Indexable",""
"https://magicworksitsolutions.com/blog/how-ai-transforms-performance-marketing-for-scalable-growth","1","AI is reducing cost-per-lead by 30-50% for Indian brands that deploy it correctly. But 70% of AI marketing implementations fail to move commercial metrics because the tools were adopted before the strategy was clear. Here is how AI actually works in performance marketing, and how Indian brands can use it to grow without growing headcount.","340","2176","Indexable",""
"https://magicworksitsolutions.com/blog/the-startups-digital-rewire-how-a-top-digital-marketing-company-fuels-sustainable-growth","1","India has 112,000+ recognized startups — the third largest startup ecosystem globally. The ones that grow from seed to scale without burning their marketing budget follow a repeatable playbook. Here is that playbook, built from how India's fastest-growing startups actually use digital marketing.","296","1864","Indexable",""
"https://magicworksitsolutions.com/blog/ai-lead-qualification-b2b-india-sales-heads-2026","1","How Indian B2B sales heads should build AI lead qualification before the lead volume spike. WhatsApp benchmarks, rupee tiers, and 90-day plan.","142","915","Indexable",""
"https://magicworksitsolutions.com/blog/the-ultimate-guide-to-hiring-the-best-digital-marketing-agency","1","India's digital marketing industry is worth over Rs 30,000 crore and growing 25% annually. Yet 60% of businesses that hire agencies are dissatisfied with results within 6 months. This guide tells you exactly what to look for, what to avoid, and how to find a partner that moves your revenue, not just your metrics.","314","1945","Indexable",""
"https://magicworksitsolutions.com/blog/9-essential-steps-to-start-your-online-business","1","80% of Indian online businesses fail within 3 years — not because the idea was wrong, but because the foundations were wrong. Here are the 9 steps that change that outcome.","172","1113","Indexable",""
"https://magicworksitsolutions.com/blog/indian-b2b-marketing-strategy-gap-explained","1","Most Indian B2B companies spend 6-8% of annual revenue on marketing and cannot connect it to pipeline. The CFO asks what the Rs 40 lakh marketing budget returned. The marketing lead pulls up clicks, impressions, and follower growth. Silence. This is not one company's problem -- it is the operating reality for most Indian B2B businesses. Here are the 4 gaps and how to close them.","381","2434","Indexable",""
"https://magicworksitsolutions.com/blog/how-performance-marketing-agencies-help-brands-move-from-spend-to-scale","1","India's digital advertising market will exceed Rs 55,000 crore in 2026. Yet most Indian brands cannot tell you what their last campaign generated in revenue. Performance marketing is not a channel. It is a management philosophy that ties every rupee to a measurable outcome.","274","1746","Indexable",""
"https://magicworksitsolutions.com/blog/strengthen-your-content-strategy-with-customer-input","1","78% of Indian B2B buyers consume 3 or more pieces of content before speaking to a vendor. Yet most Indian businesses create content based on what they think their audience wants. Here is a practical system for building content from customer intelligence rather than guesswork.","276","1777","Indexable",""
"https://magicworksitsolutions.com/blog/geo-for-indian-businesses-2026","1","How Indian businesses can earn AI-search citations across ChatGPT, Claude, Copilot, Gemini, Google AI Mode and Perplexity. 90-day GEO playbook.","143","934","Indexable",""
"https://magicworksitsolutions.com/services/digital-marketing/site-performance-conversion","1","Recover ad ROI on a slow or leaky site. Core Web Vitals, load time, and landing-page conversion, fixed scope, with measurable before-and-after numbers.","151","965","Indexable",""
"https://magicworksitsolutions.com/services/digital-marketing/linkedin-organic-social","1","A LinkedIn-led organic presence for B2B brands and founders, including executive thought-leadership ghostwriting and employee advocacy.","135","882","Indexable",""
"https://magicworksitsolutions.com/work/simplidistance-mba-enrollments","1","SimpliDistance is one of India's fastest-growing portals for distance and online MBA admissions, connecting students with universities across multiple prog","155","978","Indexable",""
"https://magicworksitsolutions.com/blog/the-essential-guide-to-social-media-marketing-dos-and-donts","1","India has 500M+ social media users across Instagram, LinkedIn, YouTube, and WhatsApp. The businesses growing fastest on social media are not posting more. They are posting with a system. Here is the complete dos and donts framework for Indian businesses in 2026, platform by platform.","284","1853","Indexable",""
"https://magicworksitsolutions.com/services/digital-marketing/google-ads-search-marketing","1","Search, Performance Max, Display, and YouTube campaigns with proper tracking and audiences. Paid acquisition built to scale, with a commission tier for larger spends.","166","1063","Indexable",""
"https://magicworksitsolutions.com/services/digital-marketing/email-marketing","1","List building, nurture sequences, broadcasts, and lifecycle automation that turn contacts into customers. Standalone or part of a full-funnel programme.","152","957","Indexable",""
"https://magicworksitsolutions.com/services/digital-marketing/meta-ads","1","Facebook and Instagram campaigns with strong creative and audience automation, often paired with Google Ads for a true full-funnel motion.","138","895","Indexable",""
"https://magicworksitsolutions.com/services/digital-marketing/thought-leadership-geo","1","Founder-attributed content as a sustained programme, built to earn citations in AI answer engines, not just rankings.","117","734","Indexable",""
"https://magicworksitsolutions.com/services/digital-marketing/youtube-video-optimisation","1","Organic YouTube growth done right: channel hygiene, video SEO, thumbnails, and retention. For brands and founders with a video pipeline.","136","873","Indexable",""
"https://magicworksitsolutions.com/services/digital-marketing/gmb-optimisation","1","Show up first when nearby buyers search. Google Business Profile management, reviews, and local-pack ranking, standalone or inside an SEO retainer.","147","952","Indexable",""
"https://magicworksitsolutions.com/services/digital-marketing/full-funnel-programme","1","Google Ads, SEO, Meta, email, and reporting run as one quarterly programme with a single point of contact. The complete motion, accountable to one number.","154","999","Indexable",""
"https://magicworksitsolutions.com/group","1","Three sibling brands alongside our services: MagicFlow AI for AI-powered lead capture, Magic Pipeline for CRM and revenue ops, and MagicWorks Host for hosting.","159","1031","Indexable",""
"https://magicworksitsolutions.com/services/ai-consultation/embedded-advisor","1","Senior AI judgment on call while your team or chosen vendors execute the roadmap. Monthly reviews, escalation support, quarterly re-prioritisation. A follow-on only.","165","1040","Indexable",""
"https://magicworksitsolutions.com/tools/ai-readiness-assessment","1","Take MagicWorks' free five-minute AI readiness assessment to understand where your business stands and what to prioritise for AI adoption.","138","895","Indexable",""
"https://magicworksitsolutions.com/services/digital-marketing/seo-aeo","1","Be found in search and inside the answer. Technical SEO and answer engine optimisation across ChatGPT, Perplexity, and Google AI Overviews.","139","910","Indexable",""
"https://magicworksitsolutions.com/services/ai-consultation/workshop","1","One to three days to get your leadership team fluent in AI: what it can and cannot do, sharper vendor questions, and a shared vocabulary for AI decisions.","154","965","Indexable",""
"https://magicworksitsolutions.com/services/ai-consultation/vendor-sprint","1","Decided to act on a process but unsure which vendor, or whether to build or buy? A focused 2 to 4 week sprint: diagnosis, evaluation, and a clear recommendation.","161","1024","Indexable",""
"https://magicworksitsolutions.com/careers/web-developer-full-stack","1","Build and ship client websites, internal tools, and AI-integrated products. Strong React.js skills and regular use of AI coding tools (Claude / Claude Code) required.","166","1015","Indexable",""
"https://magicworksitsolutions.com/careers/seo-aeo-geo-intern","1","Join the search team and gain hands-on experience in SEO, AEO, and Generative Engine Optimisation (GEO), one of the most in-demand emerging skills. Work on live client projects from day one.","190","1222","Indexable",""
"https://magicworksitsolutions.com/services/ai-consultation/process-audit","1","A defensible map of where AI can and cannot help one or two named processes, with build-vs-buy decisions and a sequenced 12-month roadmap. 4 to 6 weeks.","152","1010","Indexable",""
"https://magicworksitsolutions.com/careers/digital-marketing-intern","1","Assist the digital marketing team across Google Ads, Meta, SEO, and content. Learn by doing on live client accounts.","116","734","Indexable",""
"https://magicworksitsolutions.com/careers/performance-marketing-executive","1","Run and optimise Google Ads and Meta campaigns for our clients across education, real estate, and manufacturing. Own campaign performance from setup to monthly reporting.","170","1124","Indexable",""
"https://magicworksitsolutions.com/careers/sales-executive-ai-product","1","Own the full sales cycle for MagicFlow AI, our AI-powered lead qualification chatbot, from prospecting to close, targeting SMEs and growth-focused businesses.","158","1007","Indexable",""
"https://magicworksitsolutions.com/careers/digital-marketing-sales-executive","1","Sell integrated digital marketing services: SEO retainers, paid media, social, and content, to ambitious businesses. Prior agency sales experience required.","156","970","Indexable",""
"https://magicworksitsolutions.com/insights/reports/platform-strategy-checklist","1","Free checklist for marketplace and platform founders: the 22 decisions that determine whether a platform works, from business model to cold start to defensibility. Download with your email.","189","1200","Indexable",""
"https://magicworksitsolutions.com/careers/nextjs-developer","1","Build and ship high-performance client websites, web applications, landing pages, internal tools, and AI-integrated digital products. Strong Next.js and React.js skills, clean TypeScript code, performance-focused development, and regular use of AI coding tools such as Claude Code, GitHub Copilot, or similar are required.","322","2012","Indexable",""
"https://magicworksitsolutions.com/careers/seo-executive","1","Manage SEO, GEO (Generative Engine Optimisation), and AEO (Answer Engine Optimisation) for multiple clients from an agency background.","134","886","Indexable",""
"https://magicworksitsolutions.com/careers/digital-marketing-manager","1","Lead end-to-end digital marketing strategy for diverse client portfolios, managing cross-functional teams across SEO, paid media, social, content, and email.","157","983","Indexable",""
"https://magicworksitsolutions.com/insights/reports/ai-readiness-playbook","1","Free playbook for Indian founders: assess your AI readiness, find where AI pays off first, decide build vs buy, and get a real result in 90 days. Vendor-neutral. Download with your email.","187","1153","Indexable",""
"https://magicworksitsolutions.com/insights/reports/ai-native-website-spec-sheet","1","Free spec sheet for Indian businesses: exactly what to demand from your next website build so it performs, converts, and gets found in search and AI answers. Download with your email.","183","1174","Indexable",""
"https://magicworksitsolutions.com/insights/reports/ai-search-visibility-playbook","1","Free playbook for Indian businesses: how to get found and cited inside ChatGPT, Perplexity, and Google AI Overviews. Practical, execution-led, no hype. Download with your email.","177","1126","Indexable",""
"https://magicworksitsolutions.com/insights/reports/manufacturers-growth-playbook","1","Free playbook for Indian manufacturers: move from referrals to predictable inbound, the channels that actually work, and where AI fits. Practical, honest. Download with your email.","180","1134","Indexable",""
"https://magicworksitsolutions.com/insights/reports/ai-for-professional-services","1","Free guide for partners at CA, law, consulting, and advisory firms: where AI creates value, how to handle confidentiality and risk, and a staged, safe path to adoption. Vendor-neutral. Download with your email.","210","1308","Indexable",""
"https://magicworksitsolutions.com/authors/swapnil-ughade","1","Swapnil Ughade is the Founder of MagicWorks IT Solutions and a seasoned digital marketing strategist with 20+ years of experience helping businesses grow through smart, data-driven strategies and AI-powered automation. He has a deep command of the full digital growth stack — from SEO, AEO, and Google Ads to social media, content marketing, and end-to-end AI workflow automation. His approach is always outcome-first: turning digital presence into measurable, predictable revenue for his clients. As an author, Swapnil distils complex marketing and AI concepts into clear, actionable frameworks that help business owners and marketers navigate the rapidly evolving digital landscape. His thinking sits at the intersection of search strategy, AI intelligence, and real-world business outcomes.","793","5052","Indexable",""
