"Address","Occurrences","Title 1","Title 1 Length","Title 1 Pixel Width","Indexability","Indexability Status"
"https://magicworksitsolutions.com/","1","MagicWorks · AI-First Digital Marketing Agency in Pune · MagicWorks","67","613","Indexable",""
"https://magicworksitsolutions.com/services","1","Services · MagicWorks","21","201","Indexable",""
"https://magicworksitsolutions.com/insights/reports","1","Reports · Insights · MagicWorks","31","281","Indexable",""
"https://magicworksitsolutions.com/careers","1","Careers at MagicWorks · MagicWorks","34","333","Indexable",""
"https://magicworksitsolutions.com/industries/manufacturing","1","Digital Marketing & AI Consultation for Manufacturing · MagicWorks","66","601","Indexable",""
"https://magicworksitsolutions.com/services/ai-consultation","1","AI Consultation for Founders & Operators · MagicWorks","53","490","Indexable",""
"https://magicworksitsolutions.com/group/magicflow-ai","1","MagicFlow AI · MagicWorks Group · MagicWorks","44","432","Indexable",""
"https://magicworksitsolutions.com/industries/professional-services","1","AI Consultation & Digital Marketing for Professional Services · MagicWorks","74","661","Indexable",""
"https://magicworksitsolutions.com/services/digital-marketing","1","Digital Marketing Agency in Pune · MagicWorks","45","418","Indexable",""
"https://magicworksitsolutions.com/industries/real-estate","1","Digital Marketing & Web for Real Estate · MagicWorks","52","472","Indexable",""
"https://magicworksitsolutions.com/industries/education","1","Digital Marketing & Web Development for Education · MagicWorks","62","582","Indexable",""
"https://magicworksitsolutions.com/blog","1","Blog · MagicWorks","17","166","Indexable",""
"https://magicworksitsolutions.com/privacy","1","Privacy Policy · MagicWorks","27","250","Non-Indexable","noindex"
"https://magicworksitsolutions.com/work","1","Work · MagicWorks","17","172","Indexable",""
"https://magicworksitsolutions.com/about","1","About MagicWorks · MagicWorks","29","295","Indexable",""
"https://magicworksitsolutions.com/terms","1","Terms of Use · MagicWorks","25","245","Non-Indexable","noindex"
"https://magicworksitsolutions.com/group/magic-pipeline","1","Magic Pipeline · MagicWorks Group · MagicWorks","46","442","Indexable",""
"https://magicworksitsolutions.com/group/magicworks-host","1","MagicWorks Host · MagicWorks Group · MagicWorks","47","470","Indexable",""
"https://magicworksitsolutions.com/contact","1","Get in Touch · MagicWorks","25","238","Indexable",""
"https://magicworksitsolutions.com/services/web-development","1","AI-Native Website Development · MagicWorks","42","404","Indexable",""
"https://magicworksitsolutions.com/insights/whitepapers","1","Whitepapers | Insights · MagicWorks","35","323","Indexable",""
"https://magicworksitsolutions.com/services/web-development/maintenance-amc","1","Web AMC & Website Maintenance · MagicWorks · MagicWorks","55","554","Indexable",""
"https://magicworksitsolutions.com/services/platform-consultation","1","Marketplace & Platform Consultation · MagicWorks","48","454","Indexable",""
"https://magicworksitsolutions.com/insights/whitepapers/ai-automation-readiness-indian-smes","1","AI Automation Readiness for Indian SMEs | Whitepapers · MagicWorks","66","622","Indexable",""
"https://magicworksitsolutions.com/insights/whitepapers/performance-marketing-roi","1","Performance Marketing ROI: The MagicWorks Framework | Whitepapers · MagicWorks","78","762","Indexable",""
"https://magicworksitsolutions.com/services/web-development/ai-native-websites","1","AI-Native Website Development · MagicWorks · MagicWorks","55","530","Indexable",""
"https://magicworksitsolutions.com/services/platform-consultation/roadmap-audit","1","Platform Roadmap Audit · MagicWorks · MagicWorks","48","472","Indexable",""
"https://magicworksitsolutions.com/services/web-development/ecommerce","1","E-commerce Website Development · MagicWorks · MagicWorks","56","561","Indexable",""
"https://magicworksitsolutions.com/services/platform-consultation/advisory-sprint","1","Targeted Advisory Sprint · Platform Consultation · MagicWorks · MagicWorks","74","680","Indexable",""
"https://magicworksitsolutions.com/work/b2b-enterprise-software-abm-demos","1","B2B Enterprise Software Company Achieves 85 Demo Bookings Per Month With Account-Based Marketing · MagicWorks","109","1064","Indexable",""
"https://magicworksitsolutions.com/services/platform-consultation/workshop","1","Platform Strategy Workshop · MagicWorks · MagicWorks","52","503","Indexable",""
"https://magicworksitsolutions.com/services/platform-consultation/embedded-advisor","1","Embedded Platform Advisor · MagicWorks · MagicWorks","51","501","Indexable",""
"https://magicworksitsolutions.com/work/regional-retail-chain-footfall-growth","1","Regional Retail Chain Increases Footfall 27% With Hyperlocal Store-Level Marketing · MagicWorks","95","860","Indexable",""
"https://magicworksitsolutions.com/work/commercial-contractor-b2b-project-inquiries","1","Commercial Contractor Generates 13 Project Inquiries Per Month With B2B Digital Credibility Build · MagicWorks","110","988","Indexable",""
"https://magicworksitsolutions.com/work/boutique-resort-direct-booking-growth","1","Boutique Resort Grows Direct Bookings 38% and Reduces OTA Commission Dependency · MagicWorks","92","907","Indexable",""
"https://magicworksitsolutions.com/work/aishwaryam-real-estate-pipeline","1","Aishwaryam Group Drives 6,500+ Units Into Pipeline With Dual-Funnel Campaigns · MagicWorks","90","846","Indexable",""
"https://magicworksitsolutions.com/work/srj-steel-b2b-digital-presence","1","SRJ Steel Builds a Full-Funnel Digital Presence From Zero to 110+ RFQs Per Month · MagicWorks","93","854","Indexable",""
"https://magicworksitsolutions.com/work/multi-specialty-hospital-opd-growth","1","Multi-Specialty Hospital Adds 1,100 OPD Bookings Per Month With Local SEO and Reputation Recovery · MagicWorks","110","1033","Indexable",""
"https://magicworksitsolutions.com/work/design-institute-2x-inquiry-growth","1","Design Institute Grows Monthly Inquiries 2.6X With Brand-Led Digital Marketing · MagicWorks","91","825","Indexable",""
"https://magicworksitsolutions.com/work/steel-manufacturer-b2b-rfq-growth","1","Steel Manufacturer Generates 110+ RFQs Per Month With B2B SEO and LinkedIn Outreach · MagicWorks","96","922","Indexable",""
"https://magicworksitsolutions.com/work/trexova-wellness-tourism-pipeline","1","Trexova Builds a Global Wellness Tourism Pipeline With 3,400 Leads and 36% Conversion · MagicWorks","98","914","Indexable",""
"https://magicworksitsolutions.com/work/d2c-lifestyle-brand-roas-growth","1","D2C Lifestyle Brand Achieves 3.5X ROAS and ₹32L Monthly Revenue With Full-Funnel Rebuild · MagicWorks","101","946","Indexable",""
"https://magicworksitsolutions.com/blog/pune-businesses-ai-social-media-traditional-agencies-2026","1","AI Social Media Services for Pune Businesses 2026: The Switch Explained · MagicWorks","84","778","Indexable",""
"https://magicworksitsolutions.com/blog/real-cost-of-ai-indian-marketing-sales-2026","1","The Real Cost of AI in Indian Marketing & Sales: 2026 Guide · MagicWorks","72","652","Indexable",""
"https://magicworksitsolutions.com/blog/google-ai-mode-india-advertisers-2026","1","Google AI Overviews & AI Max in India: 90-Day Playbook · MagicWorks","67","619","Indexable",""
"https://magicworksitsolutions.com/blog/website-development-cost-india","1","Website Development Cost India 2026: Rs 15K vs Rs 2 Lakh — The Real Comparison · MagicWorks","91","866","Indexable",""
"https://magicworksitsolutions.com/blog/ai-chatbot-vs-lead-forms-b2b-india","1","AI Chatbots vs Lead Forms India B2B 2026: Conversion Data Compared · MagicWorks","79","757","Indexable",""
"https://magicworksitsolutions.com/blog/transform-your-online-presence-with-website-development-solutions-tailored-for-shopify","1","Shopify Website Development India 2026: Setup, Costs and Best Practices · MagicWorks","84","781","Indexable",""
"https://magicworksitsolutions.com/blog/ai-social-media-services-vs-traditional-agencies-2026","1","AI Social Media Services vs Traditional Agencies India 2026 · MagicWorks","72","653","Indexable",""
"https://magicworksitsolutions.com/blog/transform-your-business-with-the-best-digital-marketing-agency","1","Digital Marketing Agency Transformation India: 8 Capabilities That Drive Growth · MagicWorks","92","832","Indexable",""
"https://magicworksitsolutions.com/blog/social-media-marketing-company-pune-2026","1","Social Media Marketing Company Pune 2026: How to Choose the Right Partner · MagicWorks","86","822","Indexable",""
"https://magicworksitsolutions.com/blog/beyond-code-what-sets-top-web-development-agencies-apart-from-the-rest","1","Top Web Development Agencies India 2026: How to Choose the Right Partner · MagicWorks","85","808","Indexable",""
"https://magicworksitsolutions.com/blog/the-foundation-of-digital-success-strategic-web-design-development","1","Strategic Web Design and Development for Indian Businesses 2026 · MagicWorks","76","721","Indexable",""
"https://magicworksitsolutions.com/blog/why-digital-transformation-fails-smes-india","1","Why Indian SME Digital Transformation Fails: 5 Root Causes and Fixes · MagicWorks","81","749","Indexable",""
"https://magicworksitsolutions.com/blog/4-proven-methods-to-increase-your-website-conversions","1","Increase Website Conversions India 2026: 7 Proven Methods · MagicWorks","70","662","Indexable",""
"https://magicworksitsolutions.com/blog/why-strategic-digital-marketing-firms-are-critical-for-business-success","1","Why Strategic Digital Marketing Firms Drive Business Growth in India · MagicWorks","81","733","Indexable",""
"https://magicworksitsolutions.com/blog/search-engine-marketing-b2b-google-ads-mistakes","1","Google Ads B2B India 2026: 7 Mistakes Draining Your Budget and How to Fix Them · MagicWorks","91","860","Indexable",""
"https://magicworksitsolutions.com/blog/ai-investment-framework-indian-ceos-marketing-sales-2026","1","AI Investment Framework for Indian CEOs: 2026 Guide · MagicWorks","64","606","Indexable",""
"https://magicworksitsolutions.com/blog/how-ai-transforms-performance-marketing-for-scalable-growth","1","AI in Performance Marketing India 2026: Tools, Impact, and ROI · MagicWorks","75","687","Indexable",""
"https://magicworksitsolutions.com/blog/the-startups-digital-rewire-how-a-top-digital-marketing-company-fuels-sustainable-growth","1","Digital Marketing for Indian Startups: The Complete 2026 Growth Playbook · MagicWorks","85","785","Indexable",""
"https://magicworksitsolutions.com/blog/ai-lead-qualification-b2b-india-sales-heads-2026","1","AI Lead Qualification for B2B India: 2026 Sales Head Guide · MagicWorks","71","646","Indexable",""
"https://magicworksitsolutions.com/blog/the-ultimate-guide-to-hiring-the-best-digital-marketing-agency","1","How to Hire the Best Digital Marketing Agency in India (2026) · MagicWorks","74","667","Indexable",""
"https://magicworksitsolutions.com/blog/9-essential-steps-to-start-your-online-business","1","9 Steps to Start an Online Business in India (2026 Guide) · MagicWorks","70","626","Indexable",""
"https://magicworksitsolutions.com/blog/indian-b2b-marketing-strategy-gap-explained","1","Indian B2B Marketing ROI Gap: 4 Strategy Fixes That Work in 2026 · MagicWorks","77","711","Indexable",""
"https://magicworksitsolutions.com/blog/how-performance-marketing-agencies-help-brands-move-from-spend-to-scale","1","Performance Marketing Agencies India 2026: From Spend to Scale · MagicWorks","75","714","Indexable",""
"https://magicworksitsolutions.com/blog/strengthen-your-content-strategy-with-customer-input","1","Customer-Led Content Strategy for Indian Businesses: 2026 Guide · MagicWorks","76","710","Indexable",""
"https://magicworksitsolutions.com/blog/geo-for-indian-businesses-2026","1","GEO for Indian Businesses: Get Cited by AI Search in 2026 · MagicWorks","70","638","Indexable",""
"https://magicworksitsolutions.com/services/digital-marketing/site-performance-conversion","1","Site Performance & Conversion Optimisation · MagicWorks · MagicWorks","68","646","Indexable",""
"https://magicworksitsolutions.com/services/digital-marketing/linkedin-organic-social","1","LinkedIn & B2B Organic Social · MagicWorks · MagicWorks","55","520","Indexable",""
"https://magicworksitsolutions.com/work/simplidistance-mba-enrollments","1","SimpliDistance Scales MBA Enrollments With High-Intent Search Advertising · MagicWorks","86","800","Indexable",""
"https://magicworksitsolutions.com/blog/the-essential-guide-to-social-media-marketing-dos-and-donts","1","Social Media Marketing India 2026: Dos, Donts and Best Practices · MagicWorks","77","710","Indexable",""
"https://magicworksitsolutions.com/services/digital-marketing/google-ads-search-marketing","1","Google Ads & Search Marketing Agency · MagicWorks · MagicWorks","62","603","Indexable",""
"https://magicworksitsolutions.com/services/digital-marketing/email-marketing","1","Email Marketing & Lifecycle Automation · MagicWorks · MagicWorks","64","606","Indexable",""
"https://magicworksitsolutions.com/services/digital-marketing/meta-ads","1","Meta Ads · Facebook & Instagram Advertising · MagicWorks · MagicWorks","69","658","Indexable",""
"https://magicworksitsolutions.com/services/digital-marketing/thought-leadership-geo","1","Thought Leadership & Generative-Engine Visibility · MagicWorks · MagicWorks","75","691","Indexable",""
"https://magicworksitsolutions.com/services/digital-marketing/youtube-video-optimisation","1","YouTube Video Optimisation & Channel Growth · MagicWorks · MagicWorks","69","670","Indexable",""
"https://magicworksitsolutions.com/services/digital-marketing/gmb-optimisation","1","Google Business Profile & Local SEO · MagicWorks · MagicWorks","61","576","Indexable",""
"https://magicworksitsolutions.com/services/digital-marketing/full-funnel-programme","1","Full-Funnel Digital Marketing Programme · MagicWorks · MagicWorks","65","615","Indexable",""
"https://magicworksitsolutions.com/group","1","The MagicWorks Group · MagicWorks","33","334","Indexable",""
"https://magicworksitsolutions.com/services/ai-consultation/embedded-advisor","1","Embedded AI Advisor · MagicWorks · MagicWorks","45","442","Indexable",""
"https://magicworksitsolutions.com/tools/ai-readiness-assessment","1","AI Readiness Assessment · Free Quiz · MagicWorks","48","454","Indexable",""
"https://magicworksitsolutions.com/services/digital-marketing/seo-aeo","1","Search Engine Optimization (SEO) & Answer Engine Optimization (AEO) · MagicWorks · MagicWorks","93","881","Indexable",""
"https://magicworksitsolutions.com/services/ai-consultation/workshop","1","AI Literacy Workshop for Leadership · MagicWorks · MagicWorks","61","572","Indexable",""
"https://magicworksitsolutions.com/services/ai-consultation/vendor-sprint","1","AI Vendor & Build-vs-Buy Sprint · MagicWorks · MagicWorks","57","528","Indexable",""
"https://magicworksitsolutions.com/careers/web-developer-full-stack","1","Web Developer (Full Stack: React, Node.js & AI Assisted) · Careers · MagicWorks · MagicWorks","92","833","Indexable",""
"https://magicworksitsolutions.com/careers/seo-aeo-geo-intern","1","SEO / AEO / GEO Intern · Careers · MagicWorks · MagicWorks","58","540","Indexable",""
"https://magicworksitsolutions.com/services/ai-consultation/process-audit","1","AI Process Audit & Roadmap · MagicWorks · MagicWorks","52","507","Indexable",""
"https://magicworksitsolutions.com/careers/digital-marketing-intern","1","Digital Marketing Intern · Careers · MagicWorks · MagicWorks","60","542","Indexable",""
"https://magicworksitsolutions.com/careers/performance-marketing-executive","1","Performance Marketing Executive · Careers · MagicWorks · MagicWorks","67","634","Indexable",""
"https://magicworksitsolutions.com/careers/sales-executive-ai-product","1","Sales Executive — AI Product · Careers · MagicWorks · MagicWorks","64","592","Indexable",""
"https://magicworksitsolutions.com/careers/digital-marketing-sales-executive","1","Digital Marketing Sales Executive · Careers · MagicWorks · MagicWorks","69","629","Indexable",""
"https://magicworksitsolutions.com/insights/reports/platform-strategy-checklist","1","Platform Strategy Checklist (Free) · 22 Decisions Before You Build · MagicWorks","79","707","Indexable",""
"https://magicworksitsolutions.com/careers/nextjs-developer","1","Next.js Developer · Careers · MagicWorks · MagicWorks","53","490","Indexable",""
"https://magicworksitsolutions.com/careers/seo-executive","1","SEO Executive · Careers · MagicWorks · MagicWorks","49","462","Indexable",""
"https://magicworksitsolutions.com/careers/digital-marketing-manager","1","Digital Marketing Manager · Careers · MagicWorks · MagicWorks","61","570","Indexable",""
"https://magicworksitsolutions.com/insights/reports/ai-readiness-playbook","1","AI Readiness Playbook (Free) · A Founder's Guide to AI Without the Hype · MagicWorks","84","764","Indexable",""
"https://magicworksitsolutions.com/insights/reports/ai-native-website-spec-sheet","1","AI-Native Website Spec Sheet (Free) · What to Demand From Your Next Build · MagicWorks","86","800","Indexable",""
"https://magicworksitsolutions.com/insights/reports/ai-search-visibility-playbook","1","AI Search Visibility Playbook (Free) · Get Cited by ChatGPT & AI Search","71","622","Indexable",""
"https://magicworksitsolutions.com/insights/reports/manufacturers-growth-playbook","1","The Manufacturer's Growth Playbook (Free) · From Referrals to Predictable Inbound · MagicWorks","94","863","Indexable",""
"https://magicworksitsolutions.com/insights/reports/ai-for-professional-services","1","AI for Professional Services Firms (Free) · A Partner's Guide to Confidentiality, Process & ROI · MagicWorks","108","940","Indexable",""
"https://magicworksitsolutions.com/authors/swapnil-ughade","1","Swapnil Ughade · Author · MagicWorks","36","344","Indexable",""
