"Address","PSI Request Status"
"https://magicworksitsolutions.com/",""
"https://magicworksitsolutions.com/services",""
"https://magicworksitsolutions.com/insights/reports",""
"https://magicworksitsolutions.com/careers",""
"https://magicworksitsolutions.com/industries/manufacturing",""
"https://magicworksitsolutions.com/services/ai-consultation",""
"https://magicworksitsolutions.com/group/magicflow-ai",""
"https://magicworksitsolutions.com/industries/professional-services",""
"https://magicworksitsolutions.com/services/digital-marketing",""
"https://magicworksitsolutions.com/industries/real-estate",""
"https://magicworksitsolutions.com/industries/education",""
"https://magicworksitsolutions.com/blog",""
"https://magicworksitsolutions.com/privacy",""
"https://magicworksitsolutions.com/work",""
"https://magicworksitsolutions.com/about",""
"https://magicworksitsolutions.com/terms",""
"https://magicworksitsolutions.com/group/magic-pipeline",""
"https://magicworksitsolutions.com/group/magicworks-host",""
"https://magicworksitsolutions.com/contact",""
"https://magicworksitsolutions.com/services/web-development",""
"https://magicworksitsolutions.com/insights/whitepapers",""
"https://magicworksitsolutions.com/services/web-development/maintenance-amc",""
"https://magicworksitsolutions.com/services/platform-consultation",""
"https://magicworksitsolutions.com/insights/whitepapers/ai-automation-readiness-indian-smes",""
"https://magicworksitsolutions.com/insights/whitepapers/performance-marketing-roi",""
"https://magicworksitsolutions.com/services/web-development/ai-native-websites",""
"https://magicworksitsolutions.com/services/platform-consultation/roadmap-audit",""
"https://magicworksitsolutions.com/services/web-development/ecommerce",""
"https://magicworksitsolutions.com/services/platform-consultation/advisory-sprint",""
"https://magicworksitsolutions.com/work/b2b-enterprise-software-abm-demos",""
"https://magicworksitsolutions.com/services/platform-consultation/workshop",""
"https://magicworksitsolutions.com/services/platform-consultation/embedded-advisor",""
"https://magicworksitsolutions.com/work/regional-retail-chain-footfall-growth",""
"https://magicworksitsolutions.com/work/commercial-contractor-b2b-project-inquiries",""
"https://magicworksitsolutions.com/work/boutique-resort-direct-booking-growth",""
"https://magicworksitsolutions.com/work/aishwaryam-real-estate-pipeline",""
"https://magicworksitsolutions.com/work/srj-steel-b2b-digital-presence",""
"https://magicworksitsolutions.com/work/multi-specialty-hospital-opd-growth",""
"https://magicworksitsolutions.com/work/design-institute-2x-inquiry-growth",""
"https://magicworksitsolutions.com/work/steel-manufacturer-b2b-rfq-growth",""
"https://magicworksitsolutions.com/work/trexova-wellness-tourism-pipeline",""
"https://magicworksitsolutions.com/work/d2c-lifestyle-brand-roas-growth",""
"https://magicworksitsolutions.com/blog/pune-businesses-ai-social-media-traditional-agencies-2026",""
"https://magicworksitsolutions.com/blog/real-cost-of-ai-indian-marketing-sales-2026",""
"https://magicworksitsolutions.com/blog/google-ai-mode-india-advertisers-2026",""
"https://magicworksitsolutions.com/blog/website-development-cost-india",""
"https://magicworksitsolutions.com/blog/ai-chatbot-vs-lead-forms-b2b-india",""
"https://magicworksitsolutions.com/blog/transform-your-online-presence-with-website-development-solutions-tailored-for-shopify",""
"https://magicworksitsolutions.com/blog/ai-social-media-services-vs-traditional-agencies-2026",""
"https://magicworksitsolutions.com/blog/transform-your-business-with-the-best-digital-marketing-agency",""
"https://magicworksitsolutions.com/blog/social-media-marketing-company-pune-2026",""
"https://magicworksitsolutions.com/blog/beyond-code-what-sets-top-web-development-agencies-apart-from-the-rest",""
"https://magicworksitsolutions.com/blog/the-foundation-of-digital-success-strategic-web-design-development",""
"https://magicworksitsolutions.com/blog/why-digital-transformation-fails-smes-india",""
"https://magicworksitsolutions.com/blog/4-proven-methods-to-increase-your-website-conversions",""
"https://magicworksitsolutions.com/blog/why-strategic-digital-marketing-firms-are-critical-for-business-success",""
"https://magicworksitsolutions.com/blog/search-engine-marketing-b2b-google-ads-mistakes",""
"https://magicworksitsolutions.com/blog/ai-investment-framework-indian-ceos-marketing-sales-2026",""
"https://magicworksitsolutions.com/blog/how-ai-transforms-performance-marketing-for-scalable-growth",""
"https://magicworksitsolutions.com/blog/the-startups-digital-rewire-how-a-top-digital-marketing-company-fuels-sustainable-growth",""
"https://magicworksitsolutions.com/blog/ai-lead-qualification-b2b-india-sales-heads-2026",""
"https://magicworksitsolutions.com/blog/the-ultimate-guide-to-hiring-the-best-digital-marketing-agency",""
"https://magicworksitsolutions.com/blog/9-essential-steps-to-start-your-online-business",""
"https://magicworksitsolutions.com/blog/indian-b2b-marketing-strategy-gap-explained",""
"https://magicworksitsolutions.com/blog/how-performance-marketing-agencies-help-brands-move-from-spend-to-scale",""
"https://magicworksitsolutions.com/blog/strengthen-your-content-strategy-with-customer-input",""
"https://magicworksitsolutions.com/blog/geo-for-indian-businesses-2026",""
"https://magicworksitsolutions.com/services/digital-marketing/site-performance-conversion",""
"https://magicworksitsolutions.com/services/digital-marketing/linkedin-organic-social",""
"https://magicworksitsolutions.com/work/simplidistance-mba-enrollments",""
"https://magicworksitsolutions.com/blog/the-essential-guide-to-social-media-marketing-dos-and-donts",""
"https://magicworksitsolutions.com/services/digital-marketing/google-ads-search-marketing",""
"https://magicworksitsolutions.com/services/digital-marketing/email-marketing",""
"https://magicworksitsolutions.com/services/digital-marketing/meta-ads",""
"https://magicworksitsolutions.com/services/digital-marketing/thought-leadership-geo",""
"https://magicworksitsolutions.com/services/digital-marketing/youtube-video-optimisation",""
"https://magicworksitsolutions.com/services/digital-marketing/gmb-optimisation",""
"https://magicworksitsolutions.com/services/digital-marketing/full-funnel-programme",""
"https://magicworksitsolutions.com/group",""
"https://magicworksitsolutions.com/services/ai-consultation/embedded-advisor",""
"https://magicworksitsolutions.com/tools/ai-readiness-assessment",""
"https://magicworksitsolutions.com/services/digital-marketing/seo-aeo",""
"https://magicworksitsolutions.com/services/ai-consultation/workshop",""
"https://magicworksitsolutions.com/services/ai-consultation/vendor-sprint",""
"https://magicworksitsolutions.com/careers/web-developer-full-stack",""
"https://magicworksitsolutions.com/careers/seo-aeo-geo-intern",""
"https://magicworksitsolutions.com/services/ai-consultation/process-audit",""
"https://magicworksitsolutions.com/careers/digital-marketing-intern",""
"https://magicworksitsolutions.com/careers/performance-marketing-executive",""
"https://magicworksitsolutions.com/careers/sales-executive-ai-product",""
"https://magicworksitsolutions.com/careers/digital-marketing-sales-executive",""
"https://magicworksitsolutions.com/insights/reports/platform-strategy-checklist",""
"https://magicworksitsolutions.com/careers/nextjs-developer",""
"https://magicworksitsolutions.com/careers/seo-executive",""
"https://magicworksitsolutions.com/careers/digital-marketing-manager",""
"https://magicworksitsolutions.com/insights/reports/ai-readiness-playbook",""
"https://magicworksitsolutions.com/insights/reports/ai-native-website-spec-sheet",""
"https://magicworksitsolutions.com/insights/reports/ai-search-visibility-playbook",""
"https://magicworksitsolutions.com/insights/reports/manufacturers-growth-playbook",""
"https://magicworksitsolutions.com/insights/reports/ai-for-professional-services",""
"https://magicworksitsolutions.com/authors/swapnil-ughade",""
