"Address","Indexability","Indexability Status","rel=""next"" 1","HTTP rel=""next"" 1","rel=""prev"" 1","HTTP rel=""prev"" 1","Canonical Link Element 1","HTTP Canonical","Meta Robots 1","X-Robots-Tag 1"
"https://magicworksitsolutions.com/","Indexable","","","","","","https://magicworksitsolutions.com/","","index, follow",""
"https://magicworksitsolutions.com/services","Indexable","","","","","","https://magicworksitsolutions.com/services","","index, follow",""
"https://magicworksitsolutions.com/insights/reports","Indexable","","","","","","https://magicworksitsolutions.com/insights/reports","","index, follow",""
"https://magicworksitsolutions.com/careers","Indexable","","","","","","https://magicworksitsolutions.com/careers","","index, follow",""
"https://magicworksitsolutions.com/industries/manufacturing","Indexable","","","","","","https://magicworksitsolutions.com/industries/manufacturing","","index, follow",""
"https://magicworksitsolutions.com/services/ai-consultation","Indexable","","","","","","https://magicworksitsolutions.com/services/ai-consultation","","index, follow",""
"https://magicworksitsolutions.com/group/magicflow-ai","Indexable","","","","","","https://magicworksitsolutions.com/group/magicflow-ai","","index, follow",""
"https://magicworksitsolutions.com/industries/professional-services","Indexable","","","","","","https://magicworksitsolutions.com/industries/professional-services","","index, follow",""
"https://magicworksitsolutions.com/services/digital-marketing","Indexable","","","","","","https://magicworksitsolutions.com/services/digital-marketing","","index, follow",""
"https://magicworksitsolutions.com/industries/real-estate","Indexable","","","","","","https://magicworksitsolutions.com/industries/real-estate","","index, follow",""
"https://magicworksitsolutions.com/industries/education","Indexable","","","","","","https://magicworksitsolutions.com/industries/education","","index, follow",""
"https://magicworksitsolutions.com/blog","Indexable","","","","","","https://magicworksitsolutions.com/blog","","index, follow",""
"https://magicworksitsolutions.com/privacy","Non-Indexable","noindex","","","","","https://magicworksitsolutions.com/privacy","","noindex, nofollow",""
"https://magicworksitsolutions.com/work","Indexable","","","","","","https://magicworksitsolutions.com/work","","index, follow",""
"https://magicworksitsolutions.com/about","Indexable","","","","","","https://magicworksitsolutions.com/about","","index, follow",""
"https://magicworksitsolutions.com/terms","Non-Indexable","noindex","","","","","https://magicworksitsolutions.com/terms","","noindex, nofollow",""
"https://magicworksitsolutions.com/group/magic-pipeline","Indexable","","","","","","https://magicworksitsolutions.com/group/magic-pipeline","","index, follow",""
"https://magicworksitsolutions.com/group/magicworks-host","Indexable","","","","","","https://magicworksitsolutions.com/group/magicworks-host","","index, follow",""
"https://magicworksitsolutions.com/contact","Indexable","","","","","","https://magicworksitsolutions.com/contact","","index, follow",""
"https://magicworksitsolutions.com/services/web-development","Indexable","","","","","","https://magicworksitsolutions.com/services/web-development","","index, follow",""
"https://magicworksitsolutions.com/insights/whitepapers","Indexable","","","","","","https://magicworksitsolutions.com/insights/whitepapers","","index, follow",""
"https://magicworksitsolutions.com/services/web-development/maintenance-amc","Indexable","","","","","","https://magicworksitsolutions.com/services/web-development/maintenance-amc","","index, follow",""
"https://magicworksitsolutions.com/services/platform-consultation","Indexable","","","","","","https://magicworksitsolutions.com/services/platform-consultation","","index, follow",""
"https://magicworksitsolutions.com/insights/whitepapers/ai-automation-readiness-indian-smes","Indexable","","","","","","https://magicworksitsolutions.com/insights/whitepapers/ai-automation-readiness-indian-smes","","index, follow",""
"https://magicworksitsolutions.com/insights/whitepapers/performance-marketing-roi","Indexable","","","","","","https://magicworksitsolutions.com/insights/whitepapers/performance-marketing-roi","","index, follow",""
"https://magicworksitsolutions.com/services/web-development/ai-native-websites","Indexable","","","","","","https://magicworksitsolutions.com/services/web-development/ai-native-websites","","index, follow",""
"https://magicworksitsolutions.com/services/platform-consultation/roadmap-audit","Indexable","","","","","","https://magicworksitsolutions.com/services/platform-consultation/roadmap-audit","","index, follow",""
"https://magicworksitsolutions.com/services/web-development/ecommerce","Indexable","","","","","","https://magicworksitsolutions.com/services/web-development/ecommerce","","index, follow",""
"https://magicworksitsolutions.com/services/platform-consultation/advisory-sprint","Indexable","","","","","","https://magicworksitsolutions.com/services/platform-consultation/advisory-sprint","","index, follow",""
"https://magicworksitsolutions.com/work/b2b-enterprise-software-abm-demos","Indexable","","","","","","https://magicworksitsolutions.com/work/b2b-enterprise-software-abm-demos","","index, follow",""
"https://magicworksitsolutions.com/services/platform-consultation/workshop","Indexable","","","","","","https://magicworksitsolutions.com/services/platform-consultation/workshop","","index, follow",""
"https://magicworksitsolutions.com/services/platform-consultation/embedded-advisor","Indexable","","","","","","https://magicworksitsolutions.com/services/platform-consultation/embedded-advisor","","index, follow",""
"https://magicworksitsolutions.com/work/regional-retail-chain-footfall-growth","Indexable","","","","","","https://magicworksitsolutions.com/work/regional-retail-chain-footfall-growth","","index, follow",""
"https://magicworksitsolutions.com/work/commercial-contractor-b2b-project-inquiries","Indexable","","","","","","https://magicworksitsolutions.com/work/commercial-contractor-b2b-project-inquiries","","index, follow",""
"https://magicworksitsolutions.com/work/boutique-resort-direct-booking-growth","Indexable","","","","","","https://magicworksitsolutions.com/work/boutique-resort-direct-booking-growth","","index, follow",""
"https://magicworksitsolutions.com/work/aishwaryam-real-estate-pipeline","Indexable","","","","","","https://magicworksitsolutions.com/work/aishwaryam-real-estate-pipeline","","index, follow",""
"https://magicworksitsolutions.com/work/srj-steel-b2b-digital-presence","Indexable","","","","","","https://magicworksitsolutions.com/work/srj-steel-b2b-digital-presence","","index, follow",""
"https://magicworksitsolutions.com/work/multi-specialty-hospital-opd-growth","Indexable","","","","","","https://magicworksitsolutions.com/work/multi-specialty-hospital-opd-growth","","index, follow",""
"https://magicworksitsolutions.com/work/design-institute-2x-inquiry-growth","Indexable","","","","","","https://magicworksitsolutions.com/work/design-institute-2x-inquiry-growth","","index, follow",""
"https://magicworksitsolutions.com/work/steel-manufacturer-b2b-rfq-growth","Indexable","","","","","","https://magicworksitsolutions.com/work/steel-manufacturer-b2b-rfq-growth","","index, follow",""
"https://magicworksitsolutions.com/work/trexova-wellness-tourism-pipeline","Indexable","","","","","","https://magicworksitsolutions.com/work/trexova-wellness-tourism-pipeline","","index, follow",""
"https://magicworksitsolutions.com/work/d2c-lifestyle-brand-roas-growth","Indexable","","","","","","https://magicworksitsolutions.com/work/d2c-lifestyle-brand-roas-growth","","index, follow",""
"https://magicworksitsolutions.com/blog/pune-businesses-ai-social-media-traditional-agencies-2026","Indexable","","","","","","https://magicworksitsolutions.com/blog/pune-businesses-ai-social-media-traditional-agencies-2026","","index, follow",""
"https://magicworksitsolutions.com/blog/real-cost-of-ai-indian-marketing-sales-2026","Indexable","","","","","","https://magicworksitsolutions.com/blog/real-cost-of-ai-indian-marketing-sales-2026","","index, follow",""
"https://magicworksitsolutions.com/blog/google-ai-mode-india-advertisers-2026","Indexable","","","","","","https://magicworksitsolutions.com/blog/google-ai-mode-india-advertisers-2026","","index, follow",""
"https://magicworksitsolutions.com/blog/website-development-cost-india","Indexable","","","","","","https://magicworksitsolutions.com/blog/website-development-cost-india","","index, follow",""
"https://magicworksitsolutions.com/blog/ai-chatbot-vs-lead-forms-b2b-india","Indexable","","","","","","https://magicworksitsolutions.com/blog/ai-chatbot-vs-lead-forms-b2b-india","","index, follow",""
"https://magicworksitsolutions.com/blog/transform-your-online-presence-with-website-development-solutions-tailored-for-shopify","Indexable","","","","","","https://magicworksitsolutions.com/blog/transform-your-online-presence-with-website-development-solutions-tailored-for-shopify","","index, follow",""
"https://magicworksitsolutions.com/blog/ai-social-media-services-vs-traditional-agencies-2026","Indexable","","","","","","https://magicworksitsolutions.com/blog/ai-social-media-services-vs-traditional-agencies-2026","","index, follow",""
"https://magicworksitsolutions.com/blog/transform-your-business-with-the-best-digital-marketing-agency","Indexable","","","","","","https://magicworksitsolutions.com/blog/transform-your-business-with-the-best-digital-marketing-agency","","index, follow",""
"https://magicworksitsolutions.com/blog/social-media-marketing-company-pune-2026","Indexable","","","","","","https://magicworksitsolutions.com/blog/social-media-marketing-company-pune-2026","","index, follow",""
"https://magicworksitsolutions.com/blog/beyond-code-what-sets-top-web-development-agencies-apart-from-the-rest","Indexable","","","","","","https://magicworksitsolutions.com/blog/beyond-code-what-sets-top-web-development-agencies-apart-from-the-rest","","index, follow",""
"https://magicworksitsolutions.com/blog/the-foundation-of-digital-success-strategic-web-design-development","Indexable","","","","","","https://magicworksitsolutions.com/blog/the-foundation-of-digital-success-strategic-web-design-development","","index, follow",""
"https://magicworksitsolutions.com/blog/why-digital-transformation-fails-smes-india","Indexable","","","","","","https://magicworksitsolutions.com/blog/why-digital-transformation-fails-smes-india","","index, follow",""
"https://magicworksitsolutions.com/blog/4-proven-methods-to-increase-your-website-conversions","Indexable","","","","","","https://magicworksitsolutions.com/blog/4-proven-methods-to-increase-your-website-conversions","","index, follow",""
"https://magicworksitsolutions.com/blog/why-strategic-digital-marketing-firms-are-critical-for-business-success","Indexable","","","","","","https://magicworksitsolutions.com/blog/why-strategic-digital-marketing-firms-are-critical-for-business-success","","index, follow",""
"https://magicworksitsolutions.com/blog/search-engine-marketing-b2b-google-ads-mistakes","Indexable","","","","","","https://magicworksitsolutions.com/blog/search-engine-marketing-b2b-google-ads-mistakes","","index, follow",""
"https://magicworksitsolutions.com/blog/ai-investment-framework-indian-ceos-marketing-sales-2026","Indexable","","","","","","https://magicworksitsolutions.com/blog/ai-investment-framework-indian-ceos-marketing-sales-2026","","index, follow",""
"https://magicworksitsolutions.com/blog/how-ai-transforms-performance-marketing-for-scalable-growth","Indexable","","","","","","https://magicworksitsolutions.com/blog/how-ai-transforms-performance-marketing-for-scalable-growth","","index, follow",""
"https://magicworksitsolutions.com/blog/the-startups-digital-rewire-how-a-top-digital-marketing-company-fuels-sustainable-growth","Indexable","","","","","","https://magicworksitsolutions.com/blog/the-startups-digital-rewire-how-a-top-digital-marketing-company-fuels-sustainable-growth","","index, follow",""
"https://magicworksitsolutions.com/blog/ai-lead-qualification-b2b-india-sales-heads-2026","Indexable","","","","","","https://magicworksitsolutions.com/blog/ai-lead-qualification-b2b-india-sales-heads-2026","","index, follow",""
"https://magicworksitsolutions.com/blog/the-ultimate-guide-to-hiring-the-best-digital-marketing-agency","Indexable","","","","","","https://magicworksitsolutions.com/blog/the-ultimate-guide-to-hiring-the-best-digital-marketing-agency","","index, follow",""
"https://magicworksitsolutions.com/blog/9-essential-steps-to-start-your-online-business","Indexable","","","","","","https://magicworksitsolutions.com/blog/9-essential-steps-to-start-your-online-business","","index, follow",""
"https://magicworksitsolutions.com/blog/indian-b2b-marketing-strategy-gap-explained","Indexable","","","","","","https://magicworksitsolutions.com/blog/indian-b2b-marketing-strategy-gap-explained","","index, follow",""
"https://magicworksitsolutions.com/blog/how-performance-marketing-agencies-help-brands-move-from-spend-to-scale","Indexable","","","","","","https://magicworksitsolutions.com/blog/how-performance-marketing-agencies-help-brands-move-from-spend-to-scale","","index, follow",""
"https://magicworksitsolutions.com/blog/strengthen-your-content-strategy-with-customer-input","Indexable","","","","","","https://magicworksitsolutions.com/blog/strengthen-your-content-strategy-with-customer-input","","index, follow",""
"https://magicworksitsolutions.com/blog/geo-for-indian-businesses-2026","Indexable","","","","","","https://magicworksitsolutions.com/blog/geo-for-indian-businesses-2026","","index, follow",""
"https://magicworksitsolutions.com/services/digital-marketing/site-performance-conversion","Indexable","","","","","","https://magicworksitsolutions.com/services/digital-marketing/site-performance-conversion","","index, follow",""
"https://magicworksitsolutions.com/services/digital-marketing/linkedin-organic-social","Indexable","","","","","","https://magicworksitsolutions.com/services/digital-marketing/linkedin-organic-social","","index, follow",""
"https://magicworksitsolutions.com/work/simplidistance-mba-enrollments","Indexable","","","","","","https://magicworksitsolutions.com/work/simplidistance-mba-enrollments","","index, follow",""
"https://magicworksitsolutions.com/blog/the-essential-guide-to-social-media-marketing-dos-and-donts","Indexable","","","","","","https://magicworksitsolutions.com/blog/the-essential-guide-to-social-media-marketing-dos-and-donts","","index, follow",""
"https://magicworksitsolutions.com/services/digital-marketing/google-ads-search-marketing","Indexable","","","","","","https://magicworksitsolutions.com/services/digital-marketing/google-ads-search-marketing","","index, follow",""
"https://magicworksitsolutions.com/services/digital-marketing/email-marketing","Indexable","","","","","","https://magicworksitsolutions.com/services/digital-marketing/email-marketing","","index, follow",""
"https://magicworksitsolutions.com/services/digital-marketing/meta-ads","Indexable","","","","","","https://magicworksitsolutions.com/services/digital-marketing/meta-ads","","index, follow",""
"https://magicworksitsolutions.com/services/digital-marketing/thought-leadership-geo","Indexable","","","","","","https://magicworksitsolutions.com/services/digital-marketing/thought-leadership-geo","","index, follow",""
"https://magicworksitsolutions.com/services/digital-marketing/youtube-video-optimisation","Indexable","","","","","","https://magicworksitsolutions.com/services/digital-marketing/youtube-video-optimisation","","index, follow",""
"https://magicworksitsolutions.com/services/digital-marketing/gmb-optimisation","Indexable","","","","","","https://magicworksitsolutions.com/services/digital-marketing/gmb-optimisation","","index, follow",""
"https://magicworksitsolutions.com/services/digital-marketing/full-funnel-programme","Indexable","","","","","","https://magicworksitsolutions.com/services/digital-marketing/full-funnel-programme","","index, follow",""
"https://magicworksitsolutions.com/group","Indexable","","","","","","https://magicworksitsolutions.com/group","","index, follow",""
"https://magicworksitsolutions.com/services/ai-consultation/embedded-advisor","Indexable","","","","","","https://magicworksitsolutions.com/services/ai-consultation/embedded-advisor","","index, follow",""
"https://magicworksitsolutions.com/tools/ai-readiness-assessment","Indexable","","","","","","https://magicworksitsolutions.com/tools/ai-readiness-assessment","","index, follow",""
"https://magicworksitsolutions.com/services/digital-marketing/seo-aeo","Indexable","","","","","","https://magicworksitsolutions.com/services/digital-marketing/seo-aeo","","index, follow",""
"https://magicworksitsolutions.com/services/ai-consultation/workshop","Indexable","","","","","","https://magicworksitsolutions.com/services/ai-consultation/workshop","","index, follow",""
"https://magicworksitsolutions.com/services/ai-consultation/vendor-sprint","Indexable","","","","","","https://magicworksitsolutions.com/services/ai-consultation/vendor-sprint","","index, follow",""
"https://magicworksitsolutions.com/careers/web-developer-full-stack","Indexable","","","","","","https://magicworksitsolutions.com/careers/web-developer-full-stack","","index, follow",""
"https://magicworksitsolutions.com/careers/seo-aeo-geo-intern","Indexable","","","","","","https://magicworksitsolutions.com/careers/seo-aeo-geo-intern","","index, follow",""
"https://magicworksitsolutions.com/services/ai-consultation/process-audit","Indexable","","","","","","https://magicworksitsolutions.com/services/ai-consultation/process-audit","","index, follow",""
"https://magicworksitsolutions.com/careers/digital-marketing-intern","Indexable","","","","","","https://magicworksitsolutions.com/careers/digital-marketing-intern","","index, follow",""
"https://magicworksitsolutions.com/careers/performance-marketing-executive","Indexable","","","","","","https://magicworksitsolutions.com/careers/performance-marketing-executive","","index, follow",""
"https://magicworksitsolutions.com/careers/sales-executive-ai-product","Indexable","","","","","","https://magicworksitsolutions.com/careers/sales-executive-ai-product","","index, follow",""
"https://magicworksitsolutions.com/careers/digital-marketing-sales-executive","Indexable","","","","","","https://magicworksitsolutions.com/careers/digital-marketing-sales-executive","","index, follow",""
"https://magicworksitsolutions.com/insights/reports/platform-strategy-checklist","Indexable","","","","","","https://magicworksitsolutions.com/insights/reports/platform-strategy-checklist","","index, follow",""
"https://magicworksitsolutions.com/careers/nextjs-developer","Indexable","","","","","","https://magicworksitsolutions.com/careers/nextjs-developer","","index, follow",""
"https://magicworksitsolutions.com/careers/seo-executive","Indexable","","","","","","https://magicworksitsolutions.com/careers/seo-executive","","index, follow",""
"https://magicworksitsolutions.com/careers/digital-marketing-manager","Indexable","","","","","","https://magicworksitsolutions.com/careers/digital-marketing-manager","","index, follow",""
"https://magicworksitsolutions.com/insights/reports/ai-readiness-playbook","Indexable","","","","","","https://magicworksitsolutions.com/insights/reports/ai-readiness-playbook","","index, follow",""
"https://magicworksitsolutions.com/insights/reports/ai-native-website-spec-sheet","Indexable","","","","","","https://magicworksitsolutions.com/insights/reports/ai-native-website-spec-sheet","","index, follow",""
"https://magicworksitsolutions.com/insights/reports/ai-search-visibility-playbook","Indexable","","","","","","https://magicworksitsolutions.com/insights/reports/ai-search-visibility-playbook","","index, follow",""
"https://magicworksitsolutions.com/insights/reports/manufacturers-growth-playbook","Indexable","","","","","","https://magicworksitsolutions.com/insights/reports/manufacturers-growth-playbook","","index, follow",""
"https://magicworksitsolutions.com/insights/reports/ai-for-professional-services","Indexable","","","","","","https://magicworksitsolutions.com/insights/reports/ai-for-professional-services","","index, follow",""
"https://magicworksitsolutions.com/authors/swapnil-ughade","Indexable","","","","","","https://magicworksitsolutions.com/authors/swapnil-ughade","","index, follow",""
