"Address","Errors","Warnings","Rich Result Errors","Rich Result Warnings","Rich Result Features","Feature-1","Total Types","Unique Types","Type-1","Indexability","Indexability Status"
"https://magicworksitsolutions.com/","0","0","0","0","0","","0","0","","Indexable",""
"https://magicworksitsolutions.com/services","0","0","0","0","0","","0","0","","Indexable",""
"https://magicworksitsolutions.com/insights/reports","0","0","0","0","0","","0","0","","Indexable",""
"https://magicworksitsolutions.com/careers","0","0","0","0","0","","0","0","","Indexable",""
"https://magicworksitsolutions.com/industries/manufacturing","0","0","0","0","0","","0","0","","Indexable",""
"https://magicworksitsolutions.com/services/ai-consultation","0","0","0","0","0","","0","0","","Indexable",""
"https://magicworksitsolutions.com/group/magicflow-ai","0","0","0","0","0","","0","0","","Indexable",""
"https://magicworksitsolutions.com/industries/professional-services","0","0","0","0","0","","0","0","","Indexable",""
"https://magicworksitsolutions.com/services/digital-marketing","0","0","0","0","0","","0","0","","Indexable",""
"https://magicworksitsolutions.com/industries/real-estate","0","0","0","0","0","","0","0","","Indexable",""
"https://magicworksitsolutions.com/industries/education","0","0","0","0","0","","0","0","","Indexable",""
"https://magicworksitsolutions.com/blog","0","0","0","0","0","","0","0","","Indexable",""
"https://magicworksitsolutions.com/privacy","0","0","0","0","0","","0","0","","Non-Indexable","noindex"
"https://magicworksitsolutions.com/work","0","0","0","0","0","","0","0","","Indexable",""
"https://magicworksitsolutions.com/about","0","0","0","0","0","","0","0","","Indexable",""
"https://magicworksitsolutions.com/terms","0","0","0","0","0","","0","0","","Non-Indexable","noindex"
"https://magicworksitsolutions.com/group/magic-pipeline","0","0","0","0","0","","0","0","","Indexable",""
"https://magicworksitsolutions.com/group/magicworks-host","0","0","0","0","0","","0","0","","Indexable",""
"https://magicworksitsolutions.com/contact","0","0","0","0","0","","0","0","","Indexable",""
"https://magicworksitsolutions.com/services/web-development","0","0","0","0","0","","0","0","","Indexable",""
"https://magicworksitsolutions.com/insights/whitepapers","0","0","0","0","0","","0","0","","Indexable",""
"https://magicworksitsolutions.com/services/web-development/maintenance-amc","0","0","0","0","0","","0","0","","Indexable",""
"https://magicworksitsolutions.com/services/platform-consultation","0","0","0","0","0","","0","0","","Indexable",""
"https://magicworksitsolutions.com/insights/whitepapers/ai-automation-readiness-indian-smes","0","0","0","0","0","","0","0","","Indexable",""
"https://magicworksitsolutions.com/insights/whitepapers/performance-marketing-roi","0","0","0","0","0","","0","0","","Indexable",""
"https://magicworksitsolutions.com/services/web-development/ai-native-websites","0","0","0","0","0","","0","0","","Indexable",""
"https://magicworksitsolutions.com/services/platform-consultation/roadmap-audit","0","0","0","0","0","","0","0","","Indexable",""
"https://magicworksitsolutions.com/services/web-development/ecommerce","0","0","0","0","0","","0","0","","Indexable",""
"https://magicworksitsolutions.com/services/platform-consultation/advisory-sprint","0","0","0","0","0","","0","0","","Indexable",""
"https://magicworksitsolutions.com/work/b2b-enterprise-software-abm-demos","0","0","0","0","0","","0","0","","Indexable",""
"https://magicworksitsolutions.com/services/platform-consultation/workshop","0","0","0","0","0","","0","0","","Indexable",""
"https://magicworksitsolutions.com/services/platform-consultation/embedded-advisor","0","0","0","0","0","","0","0","","Indexable",""
"https://magicworksitsolutions.com/work/regional-retail-chain-footfall-growth","0","0","0","0","0","","0","0","","Indexable",""
"https://magicworksitsolutions.com/work/commercial-contractor-b2b-project-inquiries","0","0","0","0","0","","0","0","","Indexable",""
"https://magicworksitsolutions.com/work/boutique-resort-direct-booking-growth","0","0","0","0","0","","0","0","","Indexable",""
"https://magicworksitsolutions.com/work/aishwaryam-real-estate-pipeline","0","0","0","0","0","","0","0","","Indexable",""
"https://magicworksitsolutions.com/work/srj-steel-b2b-digital-presence","0","0","0","0","0","","0","0","","Indexable",""
"https://magicworksitsolutions.com/work/multi-specialty-hospital-opd-growth","0","0","0","0","0","","0","0","","Indexable",""
"https://magicworksitsolutions.com/work/design-institute-2x-inquiry-growth","0","0","0","0","0","","0","0","","Indexable",""
"https://magicworksitsolutions.com/work/steel-manufacturer-b2b-rfq-growth","0","0","0","0","0","","0","0","","Indexable",""
"https://magicworksitsolutions.com/work/trexova-wellness-tourism-pipeline","0","0","0","0","0","","0","0","","Indexable",""
"https://magicworksitsolutions.com/work/d2c-lifestyle-brand-roas-growth","0","0","0","0","0","","0","0","","Indexable",""
"https://magicworksitsolutions.com/blog/pune-businesses-ai-social-media-traditional-agencies-2026","0","0","0","0","0","","0","0","","Indexable",""
"https://magicworksitsolutions.com/blog/real-cost-of-ai-indian-marketing-sales-2026","0","0","0","0","0","","0","0","","Indexable",""
"https://magicworksitsolutions.com/blog/google-ai-mode-india-advertisers-2026","0","0","0","0","0","","0","0","","Indexable",""
"https://magicworksitsolutions.com/blog/website-development-cost-india","0","0","0","0","0","","0","0","","Indexable",""
"https://magicworksitsolutions.com/blog/ai-chatbot-vs-lead-forms-b2b-india","0","0","0","0","0","","0","0","","Indexable",""
"https://magicworksitsolutions.com/blog/transform-your-online-presence-with-website-development-solutions-tailored-for-shopify","0","0","0","0","0","","0","0","","Indexable",""
"https://magicworksitsolutions.com/blog/ai-social-media-services-vs-traditional-agencies-2026","0","0","0","0","0","","0","0","","Indexable",""
"https://magicworksitsolutions.com/blog/transform-your-business-with-the-best-digital-marketing-agency","0","0","0","0","0","","0","0","","Indexable",""
"https://magicworksitsolutions.com/blog/social-media-marketing-company-pune-2026","0","0","0","0","0","","0","0","","Indexable",""
"https://magicworksitsolutions.com/blog/beyond-code-what-sets-top-web-development-agencies-apart-from-the-rest","0","0","0","0","0","","0","0","","Indexable",""
"https://magicworksitsolutions.com/blog/the-foundation-of-digital-success-strategic-web-design-development","0","0","0","0","0","","0","0","","Indexable",""
"https://magicworksitsolutions.com/blog/why-digital-transformation-fails-smes-india","0","0","0","0","0","","0","0","","Indexable",""
"https://magicworksitsolutions.com/blog/4-proven-methods-to-increase-your-website-conversions","0","0","0","0","0","","0","0","","Indexable",""
"https://magicworksitsolutions.com/blog/why-strategic-digital-marketing-firms-are-critical-for-business-success","0","0","0","0","0","","0","0","","Indexable",""
"https://magicworksitsolutions.com/blog/search-engine-marketing-b2b-google-ads-mistakes","0","0","0","0","0","","0","0","","Indexable",""
"https://magicworksitsolutions.com/blog/ai-investment-framework-indian-ceos-marketing-sales-2026","0","0","0","0","0","","0","0","","Indexable",""
"https://magicworksitsolutions.com/blog/how-ai-transforms-performance-marketing-for-scalable-growth","0","0","0","0","0","","0","0","","Indexable",""
"https://magicworksitsolutions.com/blog/the-startups-digital-rewire-how-a-top-digital-marketing-company-fuels-sustainable-growth","0","0","0","0","0","","0","0","","Indexable",""
"https://magicworksitsolutions.com/blog/ai-lead-qualification-b2b-india-sales-heads-2026","0","0","0","0","0","","0","0","","Indexable",""
"https://magicworksitsolutions.com/blog/the-ultimate-guide-to-hiring-the-best-digital-marketing-agency","0","0","0","0","0","","0","0","","Indexable",""
"https://magicworksitsolutions.com/blog/9-essential-steps-to-start-your-online-business","0","0","0","0","0","","0","0","","Indexable",""
"https://magicworksitsolutions.com/blog/indian-b2b-marketing-strategy-gap-explained","0","0","0","0","0","","0","0","","Indexable",""
"https://magicworksitsolutions.com/blog/how-performance-marketing-agencies-help-brands-move-from-spend-to-scale","0","0","0","0","0","","0","0","","Indexable",""
"https://magicworksitsolutions.com/blog/strengthen-your-content-strategy-with-customer-input","0","0","0","0","0","","0","0","","Indexable",""
"https://magicworksitsolutions.com/blog/geo-for-indian-businesses-2026","0","0","0","0","0","","0","0","","Indexable",""
"https://magicworksitsolutions.com/services/digital-marketing/site-performance-conversion","0","0","0","0","0","","0","0","","Indexable",""
"https://magicworksitsolutions.com/services/digital-marketing/linkedin-organic-social","0","0","0","0","0","","0","0","","Indexable",""
"https://magicworksitsolutions.com/work/simplidistance-mba-enrollments","0","0","0","0","0","","0","0","","Indexable",""
"https://magicworksitsolutions.com/blog/the-essential-guide-to-social-media-marketing-dos-and-donts","0","0","0","0","0","","0","0","","Indexable",""
"https://magicworksitsolutions.com/services/digital-marketing/google-ads-search-marketing","0","0","0","0","0","","0","0","","Indexable",""
"https://magicworksitsolutions.com/services/digital-marketing/email-marketing","0","0","0","0","0","","0","0","","Indexable",""
"https://magicworksitsolutions.com/services/digital-marketing/meta-ads","0","0","0","0","0","","0","0","","Indexable",""
"https://magicworksitsolutions.com/services/digital-marketing/thought-leadership-geo","0","0","0","0","0","","0","0","","Indexable",""
"https://magicworksitsolutions.com/services/digital-marketing/youtube-video-optimisation","0","0","0","0","0","","0","0","","Indexable",""
"https://magicworksitsolutions.com/services/digital-marketing/gmb-optimisation","0","0","0","0","0","","0","0","","Indexable",""
"https://magicworksitsolutions.com/services/digital-marketing/full-funnel-programme","0","0","0","0","0","","0","0","","Indexable",""
"https://magicworksitsolutions.com/group","0","0","0","0","0","","0","0","","Indexable",""
"https://magicworksitsolutions.com/services/ai-consultation/embedded-advisor","0","0","0","0","0","","0","0","","Indexable",""
"https://magicworksitsolutions.com/tools/ai-readiness-assessment","0","0","0","0","0","","0","0","","Indexable",""
"https://magicworksitsolutions.com/services/digital-marketing/seo-aeo","0","0","0","0","0","","0","0","","Indexable",""
"https://magicworksitsolutions.com/services/ai-consultation/workshop","0","0","0","0","0","","0","0","","Indexable",""
"https://magicworksitsolutions.com/services/ai-consultation/vendor-sprint","0","0","0","0","0","","0","0","","Indexable",""
"https://magicworksitsolutions.com/careers/web-developer-full-stack","0","0","0","0","0","","0","0","","Indexable",""
"https://magicworksitsolutions.com/careers/seo-aeo-geo-intern","0","0","0","0","0","","0","0","","Indexable",""
"https://magicworksitsolutions.com/services/ai-consultation/process-audit","0","0","0","0","0","","0","0","","Indexable",""
"https://magicworksitsolutions.com/careers/digital-marketing-intern","0","0","0","0","0","","0","0","","Indexable",""
"https://magicworksitsolutions.com/careers/performance-marketing-executive","0","0","0","0","0","","0","0","","Indexable",""
"https://magicworksitsolutions.com/careers/sales-executive-ai-product","0","0","0","0","0","","0","0","","Indexable",""
"https://magicworksitsolutions.com/careers/digital-marketing-sales-executive","0","0","0","0","0","","0","0","","Indexable",""
"https://magicworksitsolutions.com/insights/reports/platform-strategy-checklist","0","0","0","0","0","","0","0","","Indexable",""
"https://magicworksitsolutions.com/careers/nextjs-developer","0","0","0","0","0","","0","0","","Indexable",""
"https://magicworksitsolutions.com/careers/seo-executive","0","0","0","0","0","","0","0","","Indexable",""
"https://magicworksitsolutions.com/careers/digital-marketing-manager","0","0","0","0","0","","0","0","","Indexable",""
"https://magicworksitsolutions.com/insights/reports/ai-readiness-playbook","0","0","0","0","0","","0","0","","Indexable",""
"https://magicworksitsolutions.com/insights/reports/ai-native-website-spec-sheet","0","0","0","0","0","","0","0","","Indexable",""
"https://magicworksitsolutions.com/insights/reports/ai-search-visibility-playbook","0","0","0","0","0","","0","0","","Indexable",""
"https://magicworksitsolutions.com/insights/reports/manufacturers-growth-playbook","0","0","0","0","0","","0","0","","Indexable",""
"https://magicworksitsolutions.com/insights/reports/ai-for-professional-services","0","0","0","0","0","","0","0","","Indexable",""
"https://magicworksitsolutions.com/authors/swapnil-ughade","0","0","0","0","0","","0","0","","Indexable",""
