"Address","Content Type","Status Code","Status","Indexability","Indexability Status","Hash","Length","Canonical Link Element 1","URL Encoded Address"
"https://magicworksitsolutions.com/","text/html; charset=utf-8","200","OK","Indexable","","83d76930b76369cdeddced900bfdeea8","34","https://magicworksitsolutions.com/","https://magicworksitsolutions.com/"
"https://magicworksitsolutions.com/_next/static/chunks/2ejk_26znfoeu.js?dpl=dpl_61gKP5VGt1Jkai1mdkMzRKrey7vn","application/javascript; charset=utf-8","200","OK","Indexable","","","107","","https://magicworksitsolutions.com/_next/static/chunks/2ejk_26znfoeu.js?dpl=dpl_61gKP5VGt1Jkai1mdkMzRKrey7vn"
"https://magicworksitsolutions.com/services","text/html; charset=utf-8","200","OK","Indexable","","2a5d0f6261bb5d31d39449c2568052ff","42","https://magicworksitsolutions.com/services","https://magicworksitsolutions.com/services"
"https://magicworksitsolutions.com/insights/reports","text/html; charset=utf-8","200","OK","Indexable","","bc16a8ee2c48b06288aeabb0da47c919","50","https://magicworksitsolutions.com/insights/reports","https://magicworksitsolutions.com/insights/reports"
"https://magicworksitsolutions.com/_next/static/chunks/2rny8dcdcbmzl.js?dpl=dpl_61gKP5VGt1Jkai1mdkMzRKrey7vn","application/javascript; charset=utf-8","200","OK","Indexable","","","107","","https://magicworksitsolutions.com/_next/static/chunks/2rny8dcdcbmzl.js?dpl=dpl_61gKP5VGt1Jkai1mdkMzRKrey7vn"
"https://magicworksitsolutions.com/_next/static/chunks/3hqfpm9-dkosz.js?dpl=dpl_61gKP5VGt1Jkai1mdkMzRKrey7vn","application/javascript; charset=utf-8","200","OK","Indexable","","","107","","https://magicworksitsolutions.com/_next/static/chunks/3hqfpm9-dkosz.js?dpl=dpl_61gKP5VGt1Jkai1mdkMzRKrey7vn"
"https://magicworksitsolutions.com/_next/static/chunks/1ntn7efqc-iiw.js?dpl=dpl_61gKP5VGt1Jkai1mdkMzRKrey7vn","application/javascript; charset=utf-8","200","OK","Indexable","","","107","","https://magicworksitsolutions.com/_next/static/chunks/1ntn7efqc-iiw.js?dpl=dpl_61gKP5VGt1Jkai1mdkMzRKrey7vn"
"https://magicworksitsolutions.com/careers","text/html; charset=utf-8","200","OK","Indexable","","4db33b588fdc248aa7d1bc4a6ac06f9","41","https://magicworksitsolutions.com/careers","https://magicworksitsolutions.com/careers"
"https://magicworksitsolutions.com/_next/static/chunks/06h1sf8z8ukon.css?dpl=dpl_61gKP5VGt1Jkai1mdkMzRKrey7vn","text/css; charset=utf-8","200","OK","Indexable","","","108","","https://magicworksitsolutions.com/_next/static/chunks/06h1sf8z8ukon.css?dpl=dpl_61gKP5VGt1Jkai1mdkMzRKrey7vn"
"https://magicworksitsolutions.com/industries/manufacturing","text/html; charset=utf-8","200","OK","Indexable","","457c964575977b9987faee2ed6f1fe25","58","https://magicworksitsolutions.com/industries/manufacturing","https://magicworksitsolutions.com/industries/manufacturing"
"https://magicworksitsolutions.com/services/ai-consultation","text/html; charset=utf-8","200","OK","Indexable","","e6951df3a4f963bd1ab892a2612daebd","58","https://magicworksitsolutions.com/services/ai-consultation","https://magicworksitsolutions.com/services/ai-consultation"
"https://magicworksitsolutions.com/_next/image?url=%2Flogo-header.webp&w=3840&q=75&dpl=dpl_61gKP5VGt1Jkai1mdkMzRKrey7vn","image/jpeg","200","OK","Indexable","","","118","","https://magicworksitsolutions.com/_next/image?url=%2Flogo-header.webp&w=3840&q=75&dpl=dpl_61gKP5VGt1Jkai1mdkMzRKrey7vn"
"https://magicworksitsolutions.com/group/magicflow-ai","text/html; charset=utf-8","200","OK","Indexable","","314813d273c240b5b43d06415eba168b","52","https://magicworksitsolutions.com/group/magicflow-ai","https://magicworksitsolutions.com/group/magicflow-ai"
"https://magicworksitsolutions.com/industries/professional-services","text/html; charset=utf-8","200","OK","Indexable","","bd2eca9abb8cdfccb4e60adc523355ee","66","https://magicworksitsolutions.com/industries/professional-services","https://magicworksitsolutions.com/industries/professional-services"
"https://magicworksitsolutions.com/services/digital-marketing","text/html; charset=utf-8","200","OK","Indexable","","75e2757628e0e59f11178d9606a3e6c8","60","https://magicworksitsolutions.com/services/digital-marketing","https://magicworksitsolutions.com/services/digital-marketing"
"https://magicworksitsolutions.com/industries/real-estate","text/html; charset=utf-8","200","OK","Indexable","","1470bbdd4543a9209decb055f8425e3c","56","https://magicworksitsolutions.com/industries/real-estate","https://magicworksitsolutions.com/industries/real-estate"
"https://magicworksitsolutions.com/industries/education","text/html; charset=utf-8","200","OK","Indexable","","4556465f39142cb047bb21e83b2e8ff0","54","https://magicworksitsolutions.com/industries/education","https://magicworksitsolutions.com/industries/education"
"https://magicworksitsolutions.com/_next/static/chunks/2kqd5us5a8yds.js?dpl=dpl_61gKP5VGt1Jkai1mdkMzRKrey7vn","application/javascript; charset=utf-8","200","OK","Indexable","","","107","","https://magicworksitsolutions.com/_next/static/chunks/2kqd5us5a8yds.js?dpl=dpl_61gKP5VGt1Jkai1mdkMzRKrey7vn"
"https://magicworksitsolutions.com/_next/image?url=%2Flogo-footer.webp&w=3840&q=75&dpl=dpl_61gKP5VGt1Jkai1mdkMzRKrey7vn","image/jpeg","200","OK","Indexable","","","118","","https://magicworksitsolutions.com/_next/image?url=%2Flogo-footer.webp&w=3840&q=75&dpl=dpl_61gKP5VGt1Jkai1mdkMzRKrey7vn"
"https://magicworksitsolutions.com/blog","text/html; charset=utf-8","200","OK","Indexable","","57d7e1e17c381d20c6bc6d2bd70209e9","38","https://magicworksitsolutions.com/blog","https://magicworksitsolutions.com/blog"
"https://magicworksitsolutions.com/_next/static/chunks/0cz1d0mv5g_q7.js?dpl=dpl_61gKP5VGt1Jkai1mdkMzRKrey7vn","application/javascript; charset=utf-8","200","OK","Indexable","","","107","","https://magicworksitsolutions.com/_next/static/chunks/0cz1d0mv5g_q7.js?dpl=dpl_61gKP5VGt1Jkai1mdkMzRKrey7vn"
"https://magicworksitsolutions.com/privacy","text/html; charset=utf-8","200","OK","Non-Indexable","noindex","ce3836373057bb5f529d2b0efa9cdf86","41","https://magicworksitsolutions.com/privacy","https://magicworksitsolutions.com/privacy"
"https://magicworksitsolutions.com/_next/static/chunks/01hp7hx8dhw7x.js?dpl=dpl_61gKP5VGt1Jkai1mdkMzRKrey7vn","application/javascript; charset=utf-8","200","OK","Indexable","","","107","","https://magicworksitsolutions.com/_next/static/chunks/01hp7hx8dhw7x.js?dpl=dpl_61gKP5VGt1Jkai1mdkMzRKrey7vn"
"https://magicworksitsolutions.com/work","text/html; charset=utf-8","200","OK","Indexable","","55cfbe210854c95ef7bb37ce09eacbee","38","https://magicworksitsolutions.com/work","https://magicworksitsolutions.com/work"
"https://magicworksitsolutions.com/about","text/html; charset=utf-8","200","OK","Indexable","","6ab040005868865a6a763a28cc02e34a","39","https://magicworksitsolutions.com/about","https://magicworksitsolutions.com/about"
"https://magicworksitsolutions.com/terms","text/html; charset=utf-8","200","OK","Non-Indexable","noindex","423ebd20f7d30bd206302ad18979bba0","39","https://magicworksitsolutions.com/terms","https://magicworksitsolutions.com/terms"
"https://magicworksitsolutions.com/_next/static/chunks/turbopack-1uy1rzkuu2h9n.js?dpl=dpl_61gKP5VGt1Jkai1mdkMzRKrey7vn","application/javascript; charset=utf-8","200","OK","Indexable","","","117","","https://magicworksitsolutions.com/_next/static/chunks/turbopack-1uy1rzkuu2h9n.js?dpl=dpl_61gKP5VGt1Jkai1mdkMzRKrey7vn"
"https://magicworksitsolutions.com/group/magic-pipeline","text/html; charset=utf-8","200","OK","Indexable","","891d7a7636f52d94a214e4f41cef2238","54","https://magicworksitsolutions.com/group/magic-pipeline","https://magicworksitsolutions.com/group/magic-pipeline"
"https://magicworksitsolutions.com/_next/static/chunks/1bvllgm4lgaac.js?dpl=dpl_61gKP5VGt1Jkai1mdkMzRKrey7vn","application/javascript; charset=utf-8","200","OK","Indexable","","","107","","https://magicworksitsolutions.com/_next/static/chunks/1bvllgm4lgaac.js?dpl=dpl_61gKP5VGt1Jkai1mdkMzRKrey7vn"
"https://magicworksitsolutions.com/group/magicworks-host","text/html; charset=utf-8","200","OK","Indexable","","b6324fd7e859427c08d9ed1c0e179234","55","https://magicworksitsolutions.com/group/magicworks-host","https://magicworksitsolutions.com/group/magicworks-host"
"https://magicworksitsolutions.com/_next/static/chunks/3nc6x0_y5iwnk.js?dpl=dpl_61gKP5VGt1Jkai1mdkMzRKrey7vn","application/javascript; charset=utf-8","200","OK","Indexable","","","107","","https://magicworksitsolutions.com/_next/static/chunks/3nc6x0_y5iwnk.js?dpl=dpl_61gKP5VGt1Jkai1mdkMzRKrey7vn"
"https://magicworksitsolutions.com/contact","text/html; charset=utf-8","200","OK","Indexable","","6eee30e7572866e6945d40da575e61a","41","https://magicworksitsolutions.com/contact","https://magicworksitsolutions.com/contact"
"https://magicworksitsolutions.com/_next/static/chunks/3aixr5clfo51-.js?dpl=dpl_61gKP5VGt1Jkai1mdkMzRKrey7vn","application/javascript; charset=utf-8","200","OK","Indexable","","","107","","https://magicworksitsolutions.com/_next/static/chunks/3aixr5clfo51-.js?dpl=dpl_61gKP5VGt1Jkai1mdkMzRKrey7vn"
"https://magicworksitsolutions.com/services/web-development","text/html; charset=utf-8","200","OK","Indexable","","3368a66cb30cf04f7a3ce0e6c0b9021","58","https://magicworksitsolutions.com/services/web-development","https://magicworksitsolutions.com/services/web-development"
"https://magicworksitsolutions.com/insights/whitepapers","text/html; charset=utf-8","200","OK","Indexable","","d032081af85db73e15bcfe62a852b03","54","https://magicworksitsolutions.com/insights/whitepapers","https://magicworksitsolutions.com/insights/whitepapers"
"https://magicworksitsolutions.com/services/web-development/maintenance-amc","text/html; charset=utf-8","200","OK","Indexable","","9023b04cc56cdc16bf9bb936c028cb74","74","https://magicworksitsolutions.com/services/web-development/maintenance-amc","https://magicworksitsolutions.com/services/web-development/maintenance-amc"
"https://magicworksitsolutions.com/_next/static/chunks/07yk_uba9gy2o.js?dpl=dpl_61gKP5VGt1Jkai1mdkMzRKrey7vn","application/javascript; charset=utf-8","200","OK","Indexable","","","107","","https://magicworksitsolutions.com/_next/static/chunks/07yk_uba9gy2o.js?dpl=dpl_61gKP5VGt1Jkai1mdkMzRKrey7vn"
"https://magicworksitsolutions.com/services/platform-consultation","text/html; charset=utf-8","200","OK","Indexable","","aa5ec105438cfa74e10a214b528c7c3f","64","https://magicworksitsolutions.com/services/platform-consultation","https://magicworksitsolutions.com/services/platform-consultation"
"https://magicworksitsolutions.com/insights/whitepapers/ai-automation-readiness-indian-smes","text/html; charset=utf-8","200","OK","Indexable","","655b35ef7997fd51f58ba89e1423f1fc","90","https://magicworksitsolutions.com/insights/whitepapers/ai-automation-readiness-indian-smes","https://magicworksitsolutions.com/insights/whitepapers/ai-automation-readiness-indian-smes"
"https://magicworksitsolutions.com/insights/whitepapers/performance-marketing-roi","text/html; charset=utf-8","200","OK","Indexable","","3411071b012c92234acf2dd309dabe35","80","https://magicworksitsolutions.com/insights/whitepapers/performance-marketing-roi","https://magicworksitsolutions.com/insights/whitepapers/performance-marketing-roi"
"https://magicworksitsolutions.com/_next/static/chunks/0_r8n09ozzmel.js?dpl=dpl_61gKP5VGt1Jkai1mdkMzRKrey7vn","application/javascript; charset=utf-8","200","OK","Indexable","","","107","","https://magicworksitsolutions.com/_next/static/chunks/0_r8n09ozzmel.js?dpl=dpl_61gKP5VGt1Jkai1mdkMzRKrey7vn"
"https://magicworksitsolutions.com/services/web-development/ai-native-websites","text/html; charset=utf-8","200","OK","Indexable","","88e2629c997b79dcc0692cbd6835e2ff","77","https://magicworksitsolutions.com/services/web-development/ai-native-websites","https://magicworksitsolutions.com/services/web-development/ai-native-websites"
"https://magicworksitsolutions.com/services/platform-consultation/roadmap-audit","text/html; charset=utf-8","200","OK","Indexable","","fda15ab18f0924fbae56cd37b85cc0bb","78","https://magicworksitsolutions.com/services/platform-consultation/roadmap-audit","https://magicworksitsolutions.com/services/platform-consultation/roadmap-audit"
"https://magicworksitsolutions.com/services/web-development/ecommerce","text/html; charset=utf-8","200","OK","Indexable","","18097aa8575b631a73741ad8218bb4b4","68","https://magicworksitsolutions.com/services/web-development/ecommerce","https://magicworksitsolutions.com/services/web-development/ecommerce"
"https://magicworksitsolutions.com/services/platform-consultation/advisory-sprint","text/html; charset=utf-8","200","OK","Indexable","","52f35ede610fe4325c3782948d6e3cc1","80","https://magicworksitsolutions.com/services/platform-consultation/advisory-sprint","https://magicworksitsolutions.com/services/platform-consultation/advisory-sprint"
"https://magicworksitsolutions.com/work/b2b-enterprise-software-abm-demos","text/html; charset=utf-8","200","OK","Indexable","","64db77d1a2e34e011420b96156b12d7d","72","https://magicworksitsolutions.com/work/b2b-enterprise-software-abm-demos","https://magicworksitsolutions.com/work/b2b-enterprise-software-abm-demos"
"https://magicworksitsolutions.com/services/platform-consultation/workshop","text/html; charset=utf-8","200","OK","Indexable","","707a59bf91fe28dffee2735b548118c2","73","https://magicworksitsolutions.com/services/platform-consultation/workshop","https://magicworksitsolutions.com/services/platform-consultation/workshop"
"https://magicworksitsolutions.com/services/platform-consultation/embedded-advisor","text/html; charset=utf-8","200","OK","Indexable","","906b4b6deb9bcb365d83c0bb45925d6","81","https://magicworksitsolutions.com/services/platform-consultation/embedded-advisor","https://magicworksitsolutions.com/services/platform-consultation/embedded-advisor"
"https://magicworksitsolutions.com/work/regional-retail-chain-footfall-growth","text/html; charset=utf-8","200","OK","Indexable","","7620bddbef154de466ce48c58d6f2394","76","https://magicworksitsolutions.com/work/regional-retail-chain-footfall-growth","https://magicworksitsolutions.com/work/regional-retail-chain-footfall-growth"
"https://magicworksitsolutions.com/work/commercial-contractor-b2b-project-inquiries","text/html; charset=utf-8","200","OK","Indexable","","cdc9b494653b3c74b70178d14e8a3866","82","https://magicworksitsolutions.com/work/commercial-contractor-b2b-project-inquiries","https://magicworksitsolutions.com/work/commercial-contractor-b2b-project-inquiries"
"https://magicworksitsolutions.com/work/boutique-resort-direct-booking-growth","text/html; charset=utf-8","200","OK","Indexable","","c1ed6064cd7bddef2572b536cad71c39","76","https://magicworksitsolutions.com/work/boutique-resort-direct-booking-growth","https://magicworksitsolutions.com/work/boutique-resort-direct-booking-growth"
"https://magicworksitsolutions.com/work/aishwaryam-real-estate-pipeline","text/html; charset=utf-8","200","OK","Indexable","","5483d086e575db9efbca4ddd9a56cad2","70","https://magicworksitsolutions.com/work/aishwaryam-real-estate-pipeline","https://magicworksitsolutions.com/work/aishwaryam-real-estate-pipeline"
"https://magicworksitsolutions.com/_next/static/chunks/3tciezd3cy3tf.js?dpl=dpl_61gKP5VGt1Jkai1mdkMzRKrey7vn","application/javascript; charset=utf-8","200","OK","Indexable","","","107","","https://magicworksitsolutions.com/_next/static/chunks/3tciezd3cy3tf.js?dpl=dpl_61gKP5VGt1Jkai1mdkMzRKrey7vn"
"https://magicworksitsolutions.com/work/srj-steel-b2b-digital-presence","text/html; charset=utf-8","200","OK","Indexable","","78e5080671914f2c047e86966f200099","69","https://magicworksitsolutions.com/work/srj-steel-b2b-digital-presence","https://magicworksitsolutions.com/work/srj-steel-b2b-digital-presence"
"https://magicworksitsolutions.com/work/multi-specialty-hospital-opd-growth","text/html; charset=utf-8","200","OK","Indexable","","fa54a85fde0fed4c01c5ad3279508b8f","74","https://magicworksitsolutions.com/work/multi-specialty-hospital-opd-growth","https://magicworksitsolutions.com/work/multi-specialty-hospital-opd-growth"
"https://magicworksitsolutions.com/_next/image?url=https%3A%2F%2Fcdn.sanity.io%2Fimages%2Fwa86etuq%2Fproduction%2Fa356f01d60f15dbf35fce2f7efa310fa695076f3-550x350.png&w=3840&q=75","image/png","200","OK","Indexable","","","177","","https://magicworksitsolutions.com/_next/image?url=https%3A%2F%2Fcdn.sanity.io%2Fimages%2Fwa86etuq%2Fproduction%2Fa356f01d60f15dbf35fce2f7efa310fa695076f3-550x350.png&w=3840&q=75"
"https://magicworksitsolutions.com/work/design-institute-2x-inquiry-growth","text/html; charset=utf-8","200","OK","Indexable","","924fe6f40e165cc219f27dfbfce38136","73","https://magicworksitsolutions.com/work/design-institute-2x-inquiry-growth","https://magicworksitsolutions.com/work/design-institute-2x-inquiry-growth"
"https://magicworksitsolutions.com/work/steel-manufacturer-b2b-rfq-growth","text/html; charset=utf-8","200","OK","Indexable","","aa1ba85a73786858407915d9c12e8114","72","https://magicworksitsolutions.com/work/steel-manufacturer-b2b-rfq-growth","https://magicworksitsolutions.com/work/steel-manufacturer-b2b-rfq-growth"
"https://magicworksitsolutions.com/_next/image?url=https%3A%2F%2Fcdn.sanity.io%2Fimages%2Fwa86etuq%2Fproduction%2Fb9f825c4da1b2e8ff4e42e12fa8a419ee4311856-550x350.jpg&w=3840&q=75","image/jpeg","200","OK","Indexable","","","177","","https://magicworksitsolutions.com/_next/image?url=https%3A%2F%2Fcdn.sanity.io%2Fimages%2Fwa86etuq%2Fproduction%2Fb9f825c4da1b2e8ff4e42e12fa8a419ee4311856-550x350.jpg&w=3840&q=75"
"https://magicworksitsolutions.com/work/trexova-wellness-tourism-pipeline","text/html; charset=utf-8","200","OK","Indexable","","a7b20e43a060affe5a11fa125a0c55ff","72","https://magicworksitsolutions.com/work/trexova-wellness-tourism-pipeline","https://magicworksitsolutions.com/work/trexova-wellness-tourism-pipeline"
"https://magicworksitsolutions.com/work/d2c-lifestyle-brand-roas-growth","text/html; charset=utf-8","200","OK","Indexable","","46d4e5a08fd3f119e3585c452e7b0124","70","https://magicworksitsolutions.com/work/d2c-lifestyle-brand-roas-growth","https://magicworksitsolutions.com/work/d2c-lifestyle-brand-roas-growth"
"https://magicworksitsolutions.com/blog/pune-businesses-ai-social-media-traditional-agencies-2026","text/html; charset=utf-8","200","OK","Indexable","","3e8632db02ecd9328ca8d565a46691a5","96","https://magicworksitsolutions.com/blog/pune-businesses-ai-social-media-traditional-agencies-2026","https://magicworksitsolutions.com/blog/pune-businesses-ai-social-media-traditional-agencies-2026"
"https://magicworksitsolutions.com/_next/image?url=https%3A%2F%2Fcdn.sanity.io%2Fimages%2Fwa86etuq%2Fproduction%2F647e1d997a14a34e5855b63838a31164767911e5-1000x636.jpg&w=3840&q=75","image/jpeg","200","OK","Indexable","","","178","","https://magicworksitsolutions.com/_next/image?url=https%3A%2F%2Fcdn.sanity.io%2Fimages%2Fwa86etuq%2Fproduction%2F647e1d997a14a34e5855b63838a31164767911e5-1000x636.jpg&w=3840&q=75"
"https://magicworksitsolutions.com/blog/real-cost-of-ai-indian-marketing-sales-2026","text/html; charset=utf-8","200","OK","Indexable","","7006595f93c90b55758e52485b0f1a77","82","https://magicworksitsolutions.com/blog/real-cost-of-ai-indian-marketing-sales-2026","https://magicworksitsolutions.com/blog/real-cost-of-ai-indian-marketing-sales-2026"
"https://magicworksitsolutions.com/blog/google-ai-mode-india-advertisers-2026","text/html; charset=utf-8","200","OK","Indexable","","7286b504f0009c3b8a4f08fd3d70021a","76","https://magicworksitsolutions.com/blog/google-ai-mode-india-advertisers-2026","https://magicworksitsolutions.com/blog/google-ai-mode-india-advertisers-2026"
"https://magicworksitsolutions.com/_next/image?url=https%3A%2F%2Fcdn.sanity.io%2Fimages%2Fwa86etuq%2Fproduction%2F2fea061b9151a3f38d95dad7e697a6c069346d5a-1000x636.jpg&w=3840&q=75","image/jpeg","200","OK","Indexable","","","178","","https://magicworksitsolutions.com/_next/image?url=https%3A%2F%2Fcdn.sanity.io%2Fimages%2Fwa86etuq%2Fproduction%2F2fea061b9151a3f38d95dad7e697a6c069346d5a-1000x636.jpg&w=3840&q=75"
"https://magicworksitsolutions.com/_next/image?url=https%3A%2F%2Fcdn.sanity.io%2Fimages%2Fwa86etuq%2Fproduction%2F0cd4a6024923416e8ad14d0ceb37c7ab3ff12f39-550x350.jpg&w=3840&q=75","image/jpeg","200","OK","Indexable","","","177","","https://magicworksitsolutions.com/_next/image?url=https%3A%2F%2Fcdn.sanity.io%2Fimages%2Fwa86etuq%2Fproduction%2F0cd4a6024923416e8ad14d0ceb37c7ab3ff12f39-550x350.jpg&w=3840&q=75"
"https://magicworksitsolutions.com/blog/website-development-cost-india","text/html; charset=utf-8","200","OK","Indexable","","5656cb3425dadcfc567e1c8bbb4ae6e5","69","https://magicworksitsolutions.com/blog/website-development-cost-india","https://magicworksitsolutions.com/blog/website-development-cost-india"
"https://magicworksitsolutions.com/_next/image?url=https%3A%2F%2Fcdn.sanity.io%2Fimages%2Fwa86etuq%2Fproduction%2F2d666b8bc08bd030c9b02db8ab1ba78225bccc75-550x350.jpg&w=3840&q=75","image/jpeg","200","OK","Indexable","","","177","","https://magicworksitsolutions.com/_next/image?url=https%3A%2F%2Fcdn.sanity.io%2Fimages%2Fwa86etuq%2Fproduction%2F2d666b8bc08bd030c9b02db8ab1ba78225bccc75-550x350.jpg&w=3840&q=75"
"https://magicworksitsolutions.com/blog/ai-chatbot-vs-lead-forms-b2b-india","text/html; charset=utf-8","200","OK","Indexable","","2cd062484c2bc8ea35081667c7dbea9e","73","https://magicworksitsolutions.com/blog/ai-chatbot-vs-lead-forms-b2b-india","https://magicworksitsolutions.com/blog/ai-chatbot-vs-lead-forms-b2b-india"
"https://magicworksitsolutions.com/_next/image?url=https%3A%2F%2Fcdn.sanity.io%2Fimages%2Fwa86etuq%2Fproduction%2F01302c9a778f183bad81e316fe1bdc289f220660-1619x971.png&w=3840&q=75","image/png","200","OK","Indexable","","","178","","https://magicworksitsolutions.com/_next/image?url=https%3A%2F%2Fcdn.sanity.io%2Fimages%2Fwa86etuq%2Fproduction%2F01302c9a778f183bad81e316fe1bdc289f220660-1619x971.png&w=3840&q=75"
"https://magicworksitsolutions.com/blog/transform-your-online-presence-with-website-development-solutions-tailored-for-shopify","text/html; charset=utf-8","200","OK","Indexable","","df6951aec756ea7519c4fb7b5aad1154","125","https://magicworksitsolutions.com/blog/transform-your-online-presence-with-website-development-solutions-tailored-for-shopify","https://magicworksitsolutions.com/blog/transform-your-online-presence-with-website-development-solutions-tailored-for-shopify"
"https://magicworksitsolutions.com/blog/ai-social-media-services-vs-traditional-agencies-2026","text/html; charset=utf-8","200","OK","Indexable","","d08c18a3594182d1e72479b75a578220","92","https://magicworksitsolutions.com/blog/ai-social-media-services-vs-traditional-agencies-2026","https://magicworksitsolutions.com/blog/ai-social-media-services-vs-traditional-agencies-2026"
"https://magicworksitsolutions.com/blog/transform-your-business-with-the-best-digital-marketing-agency","text/html; charset=utf-8","200","OK","Indexable","","87ba5278334bddbb4a0658e9838055c9","101","https://magicworksitsolutions.com/blog/transform-your-business-with-the-best-digital-marketing-agency","https://magicworksitsolutions.com/blog/transform-your-business-with-the-best-digital-marketing-agency"
"https://magicworksitsolutions.com/blog/social-media-marketing-company-pune-2026","text/html; charset=utf-8","200","OK","Indexable","","21a6e952e00de3c982493389d78d4114","79","https://magicworksitsolutions.com/blog/social-media-marketing-company-pune-2026","https://magicworksitsolutions.com/blog/social-media-marketing-company-pune-2026"
"https://magicworksitsolutions.com/blog/beyond-code-what-sets-top-web-development-agencies-apart-from-the-rest","text/html; charset=utf-8","200","OK","Indexable","","16fd96e5f6608ef903f1d033017cf8a1","109","https://magicworksitsolutions.com/blog/beyond-code-what-sets-top-web-development-agencies-apart-from-the-rest","https://magicworksitsolutions.com/blog/beyond-code-what-sets-top-web-development-agencies-apart-from-the-rest"
"https://magicworksitsolutions.com/_next/image?url=https%3A%2F%2Fcdn.sanity.io%2Fimages%2Fwa86etuq%2Fproduction%2F47a331cc3a920541a5167e9043faa6554628fd13-1000x636.png&w=3840&q=75","image/png","200","OK","Indexable","","","178","","https://magicworksitsolutions.com/_next/image?url=https%3A%2F%2Fcdn.sanity.io%2Fimages%2Fwa86etuq%2Fproduction%2F47a331cc3a920541a5167e9043faa6554628fd13-1000x636.png&w=3840&q=75"
"https://magicworksitsolutions.com/blog/the-foundation-of-digital-success-strategic-web-design-development","text/html; charset=utf-8","200","OK","Indexable","","40f884c1708900c77075350e77158dbe","105","https://magicworksitsolutions.com/blog/the-foundation-of-digital-success-strategic-web-design-development","https://magicworksitsolutions.com/blog/the-foundation-of-digital-success-strategic-web-design-development"
"https://magicworksitsolutions.com/_next/image?url=https%3A%2F%2Fcdn.sanity.io%2Fimages%2Fwa86etuq%2Fproduction%2Fb80d2fda34e743bec5b7458db197daa9bfbd96d2-1117x749.png&w=3840&q=75","image/png","200","OK","Indexable","","","178","","https://magicworksitsolutions.com/_next/image?url=https%3A%2F%2Fcdn.sanity.io%2Fimages%2Fwa86etuq%2Fproduction%2Fb80d2fda34e743bec5b7458db197daa9bfbd96d2-1117x749.png&w=3840&q=75"
"https://magicworksitsolutions.com/_next/image?url=https%3A%2F%2Fcdn.sanity.io%2Fimages%2Fwa86etuq%2Fproduction%2F2097199285dcb259e0411c990ea21477ebc45cd1-550x350.jpg&w=3840&q=75","image/jpeg","200","OK","Indexable","","","177","","https://magicworksitsolutions.com/_next/image?url=https%3A%2F%2Fcdn.sanity.io%2Fimages%2Fwa86etuq%2Fproduction%2F2097199285dcb259e0411c990ea21477ebc45cd1-550x350.jpg&w=3840&q=75"
"https://magicworksitsolutions.com/_next/image?url=https%3A%2F%2Fcdn.sanity.io%2Fimages%2Fwa86etuq%2Fproduction%2Fd66efe6bc8877b7cd6ad3f20946641415d1e25f2-2500x1000.webp&w=3840&q=75","image/jpeg","200","OK","Indexable","","","180","","https://magicworksitsolutions.com/_next/image?url=https%3A%2F%2Fcdn.sanity.io%2Fimages%2Fwa86etuq%2Fproduction%2Fd66efe6bc8877b7cd6ad3f20946641415d1e25f2-2500x1000.webp&w=3840&q=75"
"https://magicworksitsolutions.com/blog/why-digital-transformation-fails-smes-india","text/html; charset=utf-8","200","OK","Indexable","","4fb04e8eb402d6364a460a86b0263148","82","https://magicworksitsolutions.com/blog/why-digital-transformation-fails-smes-india","https://magicworksitsolutions.com/blog/why-digital-transformation-fails-smes-india"
"https://magicworksitsolutions.com/blog/4-proven-methods-to-increase-your-website-conversions","text/html; charset=utf-8","200","OK","Indexable","","c52af45e3c59f82b6d09e76af196259","92","https://magicworksitsolutions.com/blog/4-proven-methods-to-increase-your-website-conversions","https://magicworksitsolutions.com/blog/4-proven-methods-to-increase-your-website-conversions"
"https://magicworksitsolutions.com/_next/image?url=https%3A%2F%2Fcdn.sanity.io%2Fimages%2Fwa86etuq%2Fproduction%2F9fcc6fad23fd9449582e0e2d3a3b5bc976d0ef21-2500x1000.jpg&w=3840&q=75","image/jpeg","200","OK","Indexable","","","179","","https://magicworksitsolutions.com/_next/image?url=https%3A%2F%2Fcdn.sanity.io%2Fimages%2Fwa86etuq%2Fproduction%2F9fcc6fad23fd9449582e0e2d3a3b5bc976d0ef21-2500x1000.jpg&w=3840&q=75"
"https://magicworksitsolutions.com/blog/why-strategic-digital-marketing-firms-are-critical-for-business-success","text/html; charset=utf-8","200","OK","Indexable","","6916b53f19b9fc5cc99cf0eede860a2b","110","https://magicworksitsolutions.com/blog/why-strategic-digital-marketing-firms-are-critical-for-business-success","https://magicworksitsolutions.com/blog/why-strategic-digital-marketing-firms-are-critical-for-business-success"
"https://magicworksitsolutions.com/blog/search-engine-marketing-b2b-google-ads-mistakes","text/html; charset=utf-8","200","OK","Indexable","","7e41c005d7d5722ef77a1bb07e1aa5a7","86","https://magicworksitsolutions.com/blog/search-engine-marketing-b2b-google-ads-mistakes","https://magicworksitsolutions.com/blog/search-engine-marketing-b2b-google-ads-mistakes"
"https://magicworksitsolutions.com/_next/image?url=https%3A%2F%2Fcdn.sanity.io%2Fimages%2Fwa86etuq%2Fproduction%2F7ddff3f3e7ef26d65c3a8e5375c51f2fa5aa6d53-1091x571.jpg&w=3840&q=75","image/jpeg","200","OK","Indexable","","","178","","https://magicworksitsolutions.com/_next/image?url=https%3A%2F%2Fcdn.sanity.io%2Fimages%2Fwa86etuq%2Fproduction%2F7ddff3f3e7ef26d65c3a8e5375c51f2fa5aa6d53-1091x571.jpg&w=3840&q=75"
"https://magicworksitsolutions.com/_next/image?url=https%3A%2F%2Fcdn.sanity.io%2Fimages%2Fwa86etuq%2Fproduction%2Fe687ce6022cd7fdc10bbef73a6e78ae82e955cfa-550x350.jpg&w=3840&q=75","image/jpeg","200","OK","Indexable","","","177","","https://magicworksitsolutions.com/_next/image?url=https%3A%2F%2Fcdn.sanity.io%2Fimages%2Fwa86etuq%2Fproduction%2Fe687ce6022cd7fdc10bbef73a6e78ae82e955cfa-550x350.jpg&w=3840&q=75"
"https://magicworksitsolutions.com/blog/ai-investment-framework-indian-ceos-marketing-sales-2026","text/html; charset=utf-8","200","OK","Indexable","","b7cac33716752ece5734603f04d50227","95","https://magicworksitsolutions.com/blog/ai-investment-framework-indian-ceos-marketing-sales-2026","https://magicworksitsolutions.com/blog/ai-investment-framework-indian-ceos-marketing-sales-2026"
"https://magicworksitsolutions.com/_next/image?url=https%3A%2F%2Fcdn.sanity.io%2Fimages%2Fwa86etuq%2Fproduction%2F542fa0e485ae9b46ab78d9ba8e86bc64c9b8af53-550x350.jpg&w=3840&q=75","image/jpeg","200","OK","Indexable","","","177","","https://magicworksitsolutions.com/_next/image?url=https%3A%2F%2Fcdn.sanity.io%2Fimages%2Fwa86etuq%2Fproduction%2F542fa0e485ae9b46ab78d9ba8e86bc64c9b8af53-550x350.jpg&w=3840&q=75"
"https://magicworksitsolutions.com/blog/how-ai-transforms-performance-marketing-for-scalable-growth","text/html; charset=utf-8","200","OK","Indexable","","bdfd92afebd2d88b3309b858bcd46b01","98","https://magicworksitsolutions.com/blog/how-ai-transforms-performance-marketing-for-scalable-growth","https://magicworksitsolutions.com/blog/how-ai-transforms-performance-marketing-for-scalable-growth"
"https://magicworksitsolutions.com/_next/image?url=https%3A%2F%2Fcdn.sanity.io%2Fimages%2Fwa86etuq%2Fproduction%2F18bbcf6b129d5f47b7286f92f2f289b02fa44dad-2500x1000.webp&w=3840&q=75","image/jpeg","200","OK","Indexable","","","180","","https://magicworksitsolutions.com/_next/image?url=https%3A%2F%2Fcdn.sanity.io%2Fimages%2Fwa86etuq%2Fproduction%2F18bbcf6b129d5f47b7286f92f2f289b02fa44dad-2500x1000.webp&w=3840&q=75"
"https://magicworksitsolutions.com/blog/the-startups-digital-rewire-how-a-top-digital-marketing-company-fuels-sustainable-growth","text/html; charset=utf-8","200","OK","Indexable","","a7c1517a9524eb30d1dfa1b28089d63e","127","https://magicworksitsolutions.com/blog/the-startups-digital-rewire-how-a-top-digital-marketing-company-fuels-sustainable-growth","https://magicworksitsolutions.com/blog/the-startups-digital-rewire-how-a-top-digital-marketing-company-fuels-sustainable-growth"
"https://magicworksitsolutions.com/_next/image?url=https%3A%2F%2Fcdn.sanity.io%2Fimages%2Fwa86etuq%2Fproduction%2Fbf7636367c7c036d5f18af5a31fafc6baec2a9e1-550x350.jpg&w=3840&q=75","image/jpeg","200","OK","Indexable","","","177","","https://magicworksitsolutions.com/_next/image?url=https%3A%2F%2Fcdn.sanity.io%2Fimages%2Fwa86etuq%2Fproduction%2Fbf7636367c7c036d5f18af5a31fafc6baec2a9e1-550x350.jpg&w=3840&q=75"
"https://magicworksitsolutions.com/_next/image?url=https%3A%2F%2Fcdn.sanity.io%2Fimages%2Fwa86etuq%2Fproduction%2F6fa0f085605aa7c966a44f433fbfb7e55ab48155-550x350.webp&w=3840&q=75","image/jpeg","200","OK","Indexable","","","178","","https://magicworksitsolutions.com/_next/image?url=https%3A%2F%2Fcdn.sanity.io%2Fimages%2Fwa86etuq%2Fproduction%2F6fa0f085605aa7c966a44f433fbfb7e55ab48155-550x350.webp&w=3840&q=75"
"https://magicworksitsolutions.com/blog/ai-lead-qualification-b2b-india-sales-heads-2026","text/html; charset=utf-8","200","OK","Indexable","","bcae470a3ad1f0f4fd1791446e08e00a","87","https://magicworksitsolutions.com/blog/ai-lead-qualification-b2b-india-sales-heads-2026","https://magicworksitsolutions.com/blog/ai-lead-qualification-b2b-india-sales-heads-2026"
"https://magicworksitsolutions.com/_next/image?url=https%3A%2F%2Fcdn.sanity.io%2Fimages%2Fwa86etuq%2Fproduction%2Fb8c0c536b87e8b37e0eef17c8276d597b699d9d0-1205x634.png&w=3840&q=75","image/png","200","OK","Indexable","","","178","","https://magicworksitsolutions.com/_next/image?url=https%3A%2F%2Fcdn.sanity.io%2Fimages%2Fwa86etuq%2Fproduction%2Fb8c0c536b87e8b37e0eef17c8276d597b699d9d0-1205x634.png&w=3840&q=75"
"https://magicworksitsolutions.com/blog/the-ultimate-guide-to-hiring-the-best-digital-marketing-agency","text/html; charset=utf-8","200","OK","Indexable","","615525ab6fc060e098c244eaf2e611dc","101","https://magicworksitsolutions.com/blog/the-ultimate-guide-to-hiring-the-best-digital-marketing-agency","https://magicworksitsolutions.com/blog/the-ultimate-guide-to-hiring-the-best-digital-marketing-agency"
"https://magicworksitsolutions.com/_next/image?url=https%3A%2F%2Fcdn.sanity.io%2Fimages%2Fwa86etuq%2Fproduction%2F3b19efad3b49a93e7dc950d37fad1f41557a7506-550x350.jpg&w=3840&q=75","image/jpeg","200","OK","Indexable","","","177","","https://magicworksitsolutions.com/_next/image?url=https%3A%2F%2Fcdn.sanity.io%2Fimages%2Fwa86etuq%2Fproduction%2F3b19efad3b49a93e7dc950d37fad1f41557a7506-550x350.jpg&w=3840&q=75"
"https://magicworksitsolutions.com/_next/image?url=https%3A%2F%2Fcdn.sanity.io%2Fimages%2Fwa86etuq%2Fproduction%2Fb7c49cf1e99356ec1858e7c05cfe80fcddd62aac-1122x732.png&w=3840&q=75","image/png","200","OK","Indexable","","","178","","https://magicworksitsolutions.com/_next/image?url=https%3A%2F%2Fcdn.sanity.io%2Fimages%2Fwa86etuq%2Fproduction%2Fb7c49cf1e99356ec1858e7c05cfe80fcddd62aac-1122x732.png&w=3840&q=75"
"https://magicworksitsolutions.com/_next/image?url=https%3A%2F%2Fcdn.sanity.io%2Fimages%2Fwa86etuq%2Fproduction%2F5b037edef169613228c27848508babc576d981ad-1250x500.webp&w=3840&q=75","image/jpeg","200","OK","Indexable","","","179","","https://magicworksitsolutions.com/_next/image?url=https%3A%2F%2Fcdn.sanity.io%2Fimages%2Fwa86etuq%2Fproduction%2F5b037edef169613228c27848508babc576d981ad-1250x500.webp&w=3840&q=75"
"https://magicworksitsolutions.com/_next/image?url=https%3A%2F%2Fcdn.sanity.io%2Fimages%2Fwa86etuq%2Fproduction%2F75e8f37b4c59f9e1ef5b0201bed07ebd9909a95e-550x350.webp&w=3840&q=75","image/jpeg","200","OK","Indexable","","","178","","https://magicworksitsolutions.com/_next/image?url=https%3A%2F%2Fcdn.sanity.io%2Fimages%2Fwa86etuq%2Fproduction%2F75e8f37b4c59f9e1ef5b0201bed07ebd9909a95e-550x350.webp&w=3840&q=75"
"https://magicworksitsolutions.com/blog/9-essential-steps-to-start-your-online-business","text/html; charset=utf-8","200","OK","Indexable","","fef79d0b7916ea99a68d931fca83d42b","86","https://magicworksitsolutions.com/blog/9-essential-steps-to-start-your-online-business","https://magicworksitsolutions.com/blog/9-essential-steps-to-start-your-online-business"
"https://magicworksitsolutions.com/blog/indian-b2b-marketing-strategy-gap-explained","text/html; charset=utf-8","200","OK","Indexable","","5ddc6a102d1292f8f3cf9dc5f7c74211","82","https://magicworksitsolutions.com/blog/indian-b2b-marketing-strategy-gap-explained","https://magicworksitsolutions.com/blog/indian-b2b-marketing-strategy-gap-explained"
"https://magicworksitsolutions.com/blog/how-performance-marketing-agencies-help-brands-move-from-spend-to-scale","text/html; charset=utf-8","200","OK","Indexable","","42b302dde4345c671d070bfbe7bbc37f","110","https://magicworksitsolutions.com/blog/how-performance-marketing-agencies-help-brands-move-from-spend-to-scale","https://magicworksitsolutions.com/blog/how-performance-marketing-agencies-help-brands-move-from-spend-to-scale"
"https://magicworksitsolutions.com/_next/image?url=https%3A%2F%2Fcdn.sanity.io%2Fimages%2Fwa86etuq%2Fproduction%2F7d71fe7604115c5433afbadcb5262d67d727143c-2500x1000.webp&w=3840&q=75","image/jpeg","200","OK","Indexable","","","180","","https://magicworksitsolutions.com/_next/image?url=https%3A%2F%2Fcdn.sanity.io%2Fimages%2Fwa86etuq%2Fproduction%2F7d71fe7604115c5433afbadcb5262d67d727143c-2500x1000.webp&w=3840&q=75"
"https://magicworksitsolutions.com/_next/image?url=https%3A%2F%2Fcdn.sanity.io%2Fimages%2Fwa86etuq%2Fproduction%2Fdfe0f9c819ec2913f7817615a681614af566a1eb-550x350.webp&w=3840&q=75","image/jpeg","200","OK","Indexable","","","178","","https://magicworksitsolutions.com/_next/image?url=https%3A%2F%2Fcdn.sanity.io%2Fimages%2Fwa86etuq%2Fproduction%2Fdfe0f9c819ec2913f7817615a681614af566a1eb-550x350.webp&w=3840&q=75"
"https://magicworksitsolutions.com/blog/strengthen-your-content-strategy-with-customer-input","text/html; charset=utf-8","200","OK","Indexable","","86bf82d4c558fa699bfd64e75fb0e534","91","https://magicworksitsolutions.com/blog/strengthen-your-content-strategy-with-customer-input","https://magicworksitsolutions.com/blog/strengthen-your-content-strategy-with-customer-input"
"https://magicworksitsolutions.com/blog/geo-for-indian-businesses-2026","text/html; charset=utf-8","200","OK","Indexable","","3fd03d5cff3481e73d135f6630c62b8f","69","https://magicworksitsolutions.com/blog/geo-for-indian-businesses-2026","https://magicworksitsolutions.com/blog/geo-for-indian-businesses-2026"
"https://magicworksitsolutions.com/services/digital-marketing/site-performance-conversion","text/html; charset=utf-8","200","OK","Indexable","","b7b545b7ec3173512be58ad9d2832fb3","88","https://magicworksitsolutions.com/services/digital-marketing/site-performance-conversion","https://magicworksitsolutions.com/services/digital-marketing/site-performance-conversion"
"https://magicworksitsolutions.com/services/digital-marketing/linkedin-organic-social","text/html; charset=utf-8","200","OK","Indexable","","c4495a18d568d8ae270d9516d4594f9e","84","https://magicworksitsolutions.com/services/digital-marketing/linkedin-organic-social","https://magicworksitsolutions.com/services/digital-marketing/linkedin-organic-social"
"https://magicworksitsolutions.com/work/simplidistance-mba-enrollments","text/html; charset=utf-8","200","OK","Indexable","","66f1fe5ac658bdd8b933e8f545ca3c8c","69","https://magicworksitsolutions.com/work/simplidistance-mba-enrollments","https://magicworksitsolutions.com/work/simplidistance-mba-enrollments"
"https://magicworksitsolutions.com/blog/the-essential-guide-to-social-media-marketing-dos-and-donts","text/html; charset=utf-8","200","OK","Indexable","","8afb37037a4f23a73ec87bc8182e2ec7","98","https://magicworksitsolutions.com/blog/the-essential-guide-to-social-media-marketing-dos-and-donts","https://magicworksitsolutions.com/blog/the-essential-guide-to-social-media-marketing-dos-and-donts"
"https://magicworksitsolutions.com/_next/static/chunks/2tycv12qxsb3x.js?dpl=dpl_61gKP5VGt1Jkai1mdkMzRKrey7vn","application/javascript; charset=utf-8","200","OK","Indexable","","","107","","https://magicworksitsolutions.com/_next/static/chunks/2tycv12qxsb3x.js?dpl=dpl_61gKP5VGt1Jkai1mdkMzRKrey7vn"
"https://magicworksitsolutions.com/services/digital-marketing/google-ads-search-marketing","text/html; charset=utf-8","200","OK","Indexable","","225e372b7f94a887d2c99489249dcd35","88","https://magicworksitsolutions.com/services/digital-marketing/google-ads-search-marketing","https://magicworksitsolutions.com/services/digital-marketing/google-ads-search-marketing"
"https://magicworksitsolutions.com/services/digital-marketing/email-marketing","text/html; charset=utf-8","200","OK","Indexable","","57c5253df1f8372d7b67c488db84aea8","76","https://magicworksitsolutions.com/services/digital-marketing/email-marketing","https://magicworksitsolutions.com/services/digital-marketing/email-marketing"
"https://magicworksitsolutions.com/services/digital-marketing/meta-ads","text/html; charset=utf-8","200","OK","Indexable","","16496c5b2230a1d442dc9c7e7c555afa","69","https://magicworksitsolutions.com/services/digital-marketing/meta-ads","https://magicworksitsolutions.com/services/digital-marketing/meta-ads"
"https://magicworksitsolutions.com/_next/image?url=https%3A%2F%2Fcdn.sanity.io%2Fimages%2Fwa86etuq%2Fproduction%2F5974132e574682a4babb762de6d1ea281f9e8b1b-550x350.webp&w=3840&q=75","image/jpeg","200","OK","Indexable","","","178","","https://magicworksitsolutions.com/_next/image?url=https%3A%2F%2Fcdn.sanity.io%2Fimages%2Fwa86etuq%2Fproduction%2F5974132e574682a4babb762de6d1ea281f9e8b1b-550x350.webp&w=3840&q=75"
"https://magicworksitsolutions.com/services/digital-marketing/thought-leadership-geo","text/html; charset=utf-8","200","OK","Indexable","","9c26e89a8acfc3944cb30b68e8fabbfc","83","https://magicworksitsolutions.com/services/digital-marketing/thought-leadership-geo","https://magicworksitsolutions.com/services/digital-marketing/thought-leadership-geo"
"https://magicworksitsolutions.com/services/digital-marketing/youtube-video-optimisation","text/html; charset=utf-8","200","OK","Indexable","","a2eb46a38ac3122e4bd2595784979bc0","87","https://magicworksitsolutions.com/services/digital-marketing/youtube-video-optimisation","https://magicworksitsolutions.com/services/digital-marketing/youtube-video-optimisation"
"https://magicworksitsolutions.com/services/digital-marketing/gmb-optimisation","text/html; charset=utf-8","200","OK","Indexable","","d759e6c932ab65ef7e77737df10c8b79","77","https://magicworksitsolutions.com/services/digital-marketing/gmb-optimisation","https://magicworksitsolutions.com/services/digital-marketing/gmb-optimisation"
"https://magicworksitsolutions.com/services/digital-marketing/full-funnel-programme","text/html; charset=utf-8","200","OK","Indexable","","7544b3573da28fd7e0e7023814d8916a","82","https://magicworksitsolutions.com/services/digital-marketing/full-funnel-programme","https://magicworksitsolutions.com/services/digital-marketing/full-funnel-programme"
"https://magicworksitsolutions.com/group","text/html; charset=utf-8","200","OK","Indexable","","751105b15119606db2efd149b4850be5","39","https://magicworksitsolutions.com/group","https://magicworksitsolutions.com/group"
"https://magicworksitsolutions.com/services/ai-consultation/embedded-advisor","text/html; charset=utf-8","200","OK","Indexable","","81196a372603133fdf3a9029de1c7ccf","75","https://magicworksitsolutions.com/services/ai-consultation/embedded-advisor","https://magicworksitsolutions.com/services/ai-consultation/embedded-advisor"
"https://magicworksitsolutions.com/tools/ai-readiness-assessment","text/html; charset=utf-8","200","OK","Indexable","","54932f6d59cdb670be97aafd0831b77a","63","https://magicworksitsolutions.com/tools/ai-readiness-assessment","https://magicworksitsolutions.com/tools/ai-readiness-assessment"
"https://magicworksitsolutions.com/_next/static/chunks/3_gy729izu929.js?dpl=dpl_61gKP5VGt1Jkai1mdkMzRKrey7vn","application/javascript; charset=utf-8","200","OK","Indexable","","","107","","https://magicworksitsolutions.com/_next/static/chunks/3_gy729izu929.js?dpl=dpl_61gKP5VGt1Jkai1mdkMzRKrey7vn"
"https://magicworksitsolutions.com/services/digital-marketing/seo-aeo","text/html; charset=utf-8","200","OK","Indexable","","edf3ca4e9aaa106def674f426bc0d974","68","https://magicworksitsolutions.com/services/digital-marketing/seo-aeo","https://magicworksitsolutions.com/services/digital-marketing/seo-aeo"
"https://magicworksitsolutions.com/services/ai-consultation/workshop","text/html; charset=utf-8","200","OK","Indexable","","e834404b50f85035ad94d98b2048e627","67","https://magicworksitsolutions.com/services/ai-consultation/workshop","https://magicworksitsolutions.com/services/ai-consultation/workshop"
"https://magicworksitsolutions.com/services/ai-consultation/vendor-sprint","text/html; charset=utf-8","200","OK","Indexable","","f7d1a897d0085690895680479ca5e406","72","https://magicworksitsolutions.com/services/ai-consultation/vendor-sprint","https://magicworksitsolutions.com/services/ai-consultation/vendor-sprint"
"https://magicworksitsolutions.com/careers/web-developer-full-stack","text/html; charset=utf-8","200","OK","Indexable","","3d46b77b0731bed6143e168ce7384754","66","https://magicworksitsolutions.com/careers/web-developer-full-stack","https://magicworksitsolutions.com/careers/web-developer-full-stack"
"https://magicworksitsolutions.com/careers/seo-aeo-geo-intern","text/html; charset=utf-8","200","OK","Indexable","","af85c85edc93710a7a2eabd2a70e5f44","60","https://magicworksitsolutions.com/careers/seo-aeo-geo-intern","https://magicworksitsolutions.com/careers/seo-aeo-geo-intern"
"https://magicworksitsolutions.com/services/ai-consultation/process-audit","text/html; charset=utf-8","200","OK","Indexable","","86872c86dda1b768e537258df5cf89c9","72","https://magicworksitsolutions.com/services/ai-consultation/process-audit","https://magicworksitsolutions.com/services/ai-consultation/process-audit"
"https://magicworksitsolutions.com/careers/digital-marketing-intern","text/html; charset=utf-8","200","OK","Indexable","","e6f65831b126e859eec9bdae3453600c","66","https://magicworksitsolutions.com/careers/digital-marketing-intern","https://magicworksitsolutions.com/careers/digital-marketing-intern"
"https://magicworksitsolutions.com/careers/performance-marketing-executive","text/html; charset=utf-8","200","OK","Indexable","","dbff5712aeda699eb44bc75d43f687a8","73","https://magicworksitsolutions.com/careers/performance-marketing-executive","https://magicworksitsolutions.com/careers/performance-marketing-executive"
"https://magicworksitsolutions.com/careers/sales-executive-ai-product","text/html; charset=utf-8","200","OK","Indexable","","c9d882c4faefd356672cbedfdd33e9cf","68","https://magicworksitsolutions.com/careers/sales-executive-ai-product","https://magicworksitsolutions.com/careers/sales-executive-ai-product"
"https://magicworksitsolutions.com/careers/digital-marketing-sales-executive","text/html; charset=utf-8","200","OK","Indexable","","b521b96c116f459a355c9410dcbb3fc1","75","https://magicworksitsolutions.com/careers/digital-marketing-sales-executive","https://magicworksitsolutions.com/careers/digital-marketing-sales-executive"
"https://magicworksitsolutions.com/insights/reports/platform-strategy-checklist","text/html; charset=utf-8","200","OK","Indexable","","fd46bfb653400eb0b6c9bf3ff7d1fac6","78","https://magicworksitsolutions.com/insights/reports/platform-strategy-checklist","https://magicworksitsolutions.com/insights/reports/platform-strategy-checklist"
"https://magicworksitsolutions.com/careers/nextjs-developer","text/html; charset=utf-8","200","OK","Indexable","","82a1ca2603562dbb519b810fca793c35","58","https://magicworksitsolutions.com/careers/nextjs-developer","https://magicworksitsolutions.com/careers/nextjs-developer"
"https://magicworksitsolutions.com/careers/seo-executive","text/html; charset=utf-8","200","OK","Indexable","","74deb3c3783af8f7cb79f94973072fe2","55","https://magicworksitsolutions.com/careers/seo-executive","https://magicworksitsolutions.com/careers/seo-executive"
"https://magicworksitsolutions.com/insights","text/html","308","Permanent Redirect","Non-Indexable","Redirected","","42","","https://magicworksitsolutions.com/insights"
"https://magicworksitsolutions.com/careers/digital-marketing-manager","text/html; charset=utf-8","200","OK","Indexable","","f03f308aa1c3bd23d9972bd94046a16f","67","https://magicworksitsolutions.com/careers/digital-marketing-manager","https://magicworksitsolutions.com/careers/digital-marketing-manager"
"https://magicworksitsolutions.com/_next/static/chunks/3_un3pj548p77.js?dpl=dpl_61gKP5VGt1Jkai1mdkMzRKrey7vn","application/javascript; charset=utf-8","200","OK","Indexable","","","107","","https://magicworksitsolutions.com/_next/static/chunks/3_un3pj548p77.js?dpl=dpl_61gKP5VGt1Jkai1mdkMzRKrey7vn"
"https://magicworksitsolutions.com/insights/reports/ai-readiness-playbook","text/html; charset=utf-8","200","OK","Indexable","","2ae605849ec244a534f0abf2be693104","72","https://magicworksitsolutions.com/insights/reports/ai-readiness-playbook","https://magicworksitsolutions.com/insights/reports/ai-readiness-playbook"
"https://magicworksitsolutions.com/_next/static/chunks/2wd6s713ufe5b.js?dpl=dpl_61gKP5VGt1Jkai1mdkMzRKrey7vn","application/javascript; charset=utf-8","200","OK","Indexable","","","107","","https://magicworksitsolutions.com/_next/static/chunks/2wd6s713ufe5b.js?dpl=dpl_61gKP5VGt1Jkai1mdkMzRKrey7vn"
"https://magicworksitsolutions.com/_next/static/chunks/093fkt7c6nhyq.js?dpl=dpl_61gKP5VGt1Jkai1mdkMzRKrey7vn","application/javascript; charset=utf-8","200","OK","Indexable","","","107","","https://magicworksitsolutions.com/_next/static/chunks/093fkt7c6nhyq.js?dpl=dpl_61gKP5VGt1Jkai1mdkMzRKrey7vn"
"https://magicworksitsolutions.com/insights/reports/ai-native-website-spec-sheet","text/html; charset=utf-8","200","OK","Indexable","","4580d29ce94c7973b0968c2820d071f2","79","https://magicworksitsolutions.com/insights/reports/ai-native-website-spec-sheet","https://magicworksitsolutions.com/insights/reports/ai-native-website-spec-sheet"
"https://magicworksitsolutions.com/insights/reports/ai-search-visibility-playbook","text/html; charset=utf-8","200","OK","Indexable","","b18b69b22fa283347d95b914a242bdae","80","https://magicworksitsolutions.com/insights/reports/ai-search-visibility-playbook","https://magicworksitsolutions.com/insights/reports/ai-search-visibility-playbook"
"https://magicworksitsolutions.com/_next/static/chunks/0venbrujb4dqb.js?dpl=dpl_61gKP5VGt1Jkai1mdkMzRKrey7vn","application/javascript; charset=utf-8","200","OK","Indexable","","","107","","https://magicworksitsolutions.com/_next/static/chunks/0venbrujb4dqb.js?dpl=dpl_61gKP5VGt1Jkai1mdkMzRKrey7vn"
"https://magicworksitsolutions.com/_next/static/chunks/1x8p0pjd80e95.js?dpl=dpl_61gKP5VGt1Jkai1mdkMzRKrey7vn","application/javascript; charset=utf-8","200","OK","Indexable","","","107","","https://magicworksitsolutions.com/_next/static/chunks/1x8p0pjd80e95.js?dpl=dpl_61gKP5VGt1Jkai1mdkMzRKrey7vn"
"https://magicworksitsolutions.com/_next/static/chunks/2_7v63c8suy6y.js?dpl=dpl_61gKP5VGt1Jkai1mdkMzRKrey7vn","application/javascript; charset=utf-8","200","OK","Indexable","","","107","","https://magicworksitsolutions.com/_next/static/chunks/2_7v63c8suy6y.js?dpl=dpl_61gKP5VGt1Jkai1mdkMzRKrey7vn"
"https://magicworksitsolutions.com/_next/static/chunks/1r519cp6jvw9k.js?dpl=dpl_61gKP5VGt1Jkai1mdkMzRKrey7vn","application/javascript; charset=utf-8","200","OK","Indexable","","","107","","https://magicworksitsolutions.com/_next/static/chunks/1r519cp6jvw9k.js?dpl=dpl_61gKP5VGt1Jkai1mdkMzRKrey7vn"
"https://magicworksitsolutions.com/insights/strengthen-your-content-strategy-with-customer-input","text/html","308","Permanent Redirect","Non-Indexable","Redirected","","95","","https://magicworksitsolutions.com/insights/strengthen-your-content-strategy-with-customer-input"
"https://magicworksitsolutions.com/insights/reports/manufacturers-growth-playbook","text/html; charset=utf-8","200","OK","Indexable","","9128b7a0d050b16535414ac3c55a6446","80","https://magicworksitsolutions.com/insights/reports/manufacturers-growth-playbook","https://magicworksitsolutions.com/insights/reports/manufacturers-growth-playbook"
"https://magicworksitsolutions.com/_next/static/chunks/2zzuws6f2ozb-.js?dpl=dpl_61gKP5VGt1Jkai1mdkMzRKrey7vn","application/javascript; charset=utf-8","200","OK","Indexable","","","107","","https://magicworksitsolutions.com/_next/static/chunks/2zzuws6f2ozb-.js?dpl=dpl_61gKP5VGt1Jkai1mdkMzRKrey7vn"
"https://magicworksitsolutions.com/_next/image?url=https%3A%2F%2Fimages.berqwp.com%2F%3Fdomain%3Dmagicworksitsolutions.com%26w%3D300%26mw%3D1920%26q%3D90%26url%3Dhttps%3A%2F%2Fmagicworksitsolutions.com%2Fwp-content%2Fuploads%2F2026%2F05%2Fai-citation-sources-2026-youtube-reddit-wikipediaoup.webp&w=3840&q=75","image/webp","200","OK","Indexable","","","307","","https://magicworksitsolutions.com/_next/image?url=https%3A%2F%2Fimages.berqwp.com%2F%3Fdomain%3Dmagicworksitsolutions.com%26w%3D300%26mw%3D1920%26q%3D90%26url%3Dhttps%253A%252F%252Fmagicworksitsolutions.com%252Fwp-content%252Fuploads%252F2026%252F05%252Fai-citation-sources-2026-youtube-reddit-wikipediaoup.webp&w=3840&q=75"
"https://magicworksitsolutions.com/insights/reports/ai-for-professional-services","text/html; charset=utf-8","200","OK","Indexable","","364403458b872ca791dabe1018fa703f","79","https://magicworksitsolutions.com/insights/reports/ai-for-professional-services","https://magicworksitsolutions.com/insights/reports/ai-for-professional-services"
"https://magicworksitsolutions.com/_next/image?url=https%3A%2F%2Fimages.berqwp.com%2F%3Fdomain%3Dmagicworksitsolutions.com%26w%3D300%26mw%3D1920%26q%3D90%26url%3Dhttps%3A%2F%2Fmagicworksitsolutions.com%2Fwp-content%2Fuploads%2F2026%2F05%2Fgeo-90-day-action-plan-timeline-indian-businesses.webp&w=3840&q=75","image/jpeg","200","OK","Indexable","","","304","","https://magicworksitsolutions.com/_next/image?url=https%3A%2F%2Fimages.berqwp.com%2F%3Fdomain%3Dmagicworksitsolutions.com%26w%3D300%26mw%3D1920%26q%3D90%26url%3Dhttps%253A%252F%252Fmagicworksitsolutions.com%252Fwp-content%252Fuploads%252F2026%252F05%252Fgeo-90-day-action-plan-timeline-indian-businesses.webp&w=3840&q=75"
"https://magicworksitsolutions.com/_next/image?url=https%3A%2F%2Fimages.berqwp.com%2F%3Fdomain%3Dmagicworksitsolutions.com%26w%3D300%26mw%3D1920%26q%3D90%26url%3Dhttps%3A%2F%2Fmagicworksitsolutions.com%2Fwp-content%2Fuploads%2F2026%2F05%2Fgeo-vs-seo-comparison-2026.png.webp&w=3840&q=75","image/jpeg","200","OK","Indexable","","","285","","https://magicworksitsolutions.com/_next/image?url=https%3A%2F%2Fimages.berqwp.com%2F%3Fdomain%3Dmagicworksitsolutions.com%26w%3D300%26mw%3D1920%26q%3D90%26url%3Dhttps%253A%252F%252Fmagicworksitsolutions.com%252Fwp-content%252Fuploads%252F2026%252F05%252Fgeo-vs-seo-comparison-2026.png.webp&w=3840&q=75"
"https://magicworksitsolutions.com/_next/image?url=https%3A%2F%2Fcdn.sanity.io%2Fimages%2Fwa86etuq%2Fproduction%2F7431aac9e24112ebfc65f848f89bef6471bf9a4b-2500x1000.jpg&w=3840&q=75","image/jpeg","200","OK","Indexable","","","179","","https://magicworksitsolutions.com/_next/image?url=https%3A%2F%2Fcdn.sanity.io%2Fimages%2Fwa86etuq%2Fproduction%2F7431aac9e24112ebfc65f848f89bef6471bf9a4b-2500x1000.jpg&w=3840&q=75"
"https://magicworksitsolutions.com/_next/image?url=https%3A%2F%2Fcdn.sanity.io%2Fimages%2Fwa86etuq%2Fproduction%2F3f5a550db51503ba000138aef1eb09928a749b9d-2500x1000.jpg&w=3840&q=75","image/jpeg","200","OK","Indexable","","","179","","https://magicworksitsolutions.com/_next/image?url=https%3A%2F%2Fcdn.sanity.io%2Fimages%2Fwa86etuq%2Fproduction%2F3f5a550db51503ba000138aef1eb09928a749b9d-2500x1000.jpg&w=3840&q=75"
"https://magicworksitsolutions.com/_next/static/chunks/0lrceaup3qrxy.js?dpl=dpl_61gKP5VGt1Jkai1mdkMzRKrey7vn","application/javascript; charset=utf-8","200","OK","Indexable","","","107","","https://magicworksitsolutions.com/_next/static/chunks/0lrceaup3qrxy.js?dpl=dpl_61gKP5VGt1Jkai1mdkMzRKrey7vn"
"https://magicworksitsolutions.com/_next/image?url=https%3A%2F%2Fcdn.sanity.io%2Fimages%2Fwa86etuq%2Fproduction%2Fdfbc1e80f72566a4d7172cae56e0549f6e6e99e9-2500x1000.jpg&w=3840&q=75","image/jpeg","200","OK","Indexable","","","179","","https://magicworksitsolutions.com/_next/image?url=https%3A%2F%2Fcdn.sanity.io%2Fimages%2Fwa86etuq%2Fproduction%2Fdfbc1e80f72566a4d7172cae56e0549f6e6e99e9-2500x1000.jpg&w=3840&q=75"
"https://magicworksitsolutions.com/insights/why-digital-transformation-fails-smes-india","text/html","308","Permanent Redirect","Non-Indexable","Redirected","","86","","https://magicworksitsolutions.com/insights/why-digital-transformation-fails-smes-india"
"https://magicworksitsolutions.com/_next/image?url=https%3A%2F%2Fimages.berqwp.com%2F%3Fdomain%3Dmagicworksitsolutions.com%26w%3D300%26mw%3D1920%26q%3D90%26url%3Dhttps%3A%2F%2Fmagicworksitsolutions.com%2Fwp-content%2Fuploads%2F2026%2F05%2F18-Month-AI-Return-Signal-Timeline.webp&w=3840&q=75","image/webp","200","OK","Indexable","","","289","","https://magicworksitsolutions.com/_next/image?url=https%3A%2F%2Fimages.berqwp.com%2F%3Fdomain%3Dmagicworksitsolutions.com%26w%3D300%26mw%3D1920%26q%3D90%26url%3Dhttps%253A%252F%252Fmagicworksitsolutions.com%252Fwp-content%252Fuploads%252F2026%252F05%252F18-Month-AI-Return-Signal-Timeline.webp&w=3840&q=75"
"https://magicworksitsolutions.com/_next/image?url=https%3A%2F%2Fimages.berqwp.com%2F%3Fdomain%3Dmagicworksitsolutions.com%26w%3D300%26mw%3D1920%26q%3D90%26url%3Dhttps%3A%2F%2Fmagicworksitsolutions.com%2Fwp-content%2Fuploads%2F2026%2F05%2FFour-Quadrant-Decision-Filter.webp&w=3840&q=75","image/webp","200","OK","Indexable","","","284","","https://magicworksitsolutions.com/_next/image?url=https%3A%2F%2Fimages.berqwp.com%2F%3Fdomain%3Dmagicworksitsolutions.com%26w%3D300%26mw%3D1920%26q%3D90%26url%3Dhttps%253A%252F%252Fmagicworksitsolutions.com%252Fwp-content%252Fuploads%252F2026%252F05%252FFour-Quadrant-Decision-Filter.webp&w=3840&q=75"
"https://magicworksitsolutions.com/insights/ai-chatbot-vs-lead-forms-b2b-india","text/html","308","Permanent Redirect","Non-Indexable","Redirected","","77","","https://magicworksitsolutions.com/insights/ai-chatbot-vs-lead-forms-b2b-india"
"https://magicworksitsolutions.com/insights/transform-your-business-with-the-best-digital-marketing-agency","text/html","308","Permanent Redirect","Non-Indexable","Redirected","","105","","https://magicworksitsolutions.com/insights/transform-your-business-with-the-best-digital-marketing-agency"
"https://magicworksitsolutions.com/insights/9-essential-steps-to-start-your-online-business","text/html","308","Permanent Redirect","Non-Indexable","Redirected","","90","","https://magicworksitsolutions.com/insights/9-essential-steps-to-start-your-online-business"
"https://magicworksitsolutions.com/_next/image?url=https%3A%2F%2Fcdn.sanity.io%2Fimages%2Fwa86etuq%2Fproduction%2F1862a6ca8657a29515f1c341bb5367f1ae2a5e89-2500x1000.jpg&w=3840&q=75","image/jpeg","200","OK","Indexable","","","179","","https://magicworksitsolutions.com/_next/image?url=https%3A%2F%2Fcdn.sanity.io%2Fimages%2Fwa86etuq%2Fproduction%2F1862a6ca8657a29515f1c341bb5367f1ae2a5e89-2500x1000.jpg&w=3840&q=75"
"https://magicworksitsolutions.com/insights/how-to-hire-a-digital-marketing-agency-india","text/html","308","Permanent Redirect","Non-Indexable","Redirected","","87","","https://magicworksitsolutions.com/insights/how-to-hire-a-digital-marketing-agency-india"
"https://magicworksitsolutions.com/insights/the-complete-guide-to-hiring-a-digital-marketing-agency-in-india-2026","text/html","308","Permanent Redirect","Non-Indexable","Redirected","","112","","https://magicworksitsolutions.com/insights/the-complete-guide-to-hiring-a-digital-marketing-agency-in-india-2026"
"https://magicworksitsolutions.com/_next/image?url=https%3A%2F%2Fimages.berqwp.com%2F%3Fdomain%3Dmagicworksitsolutions.com%26w%3D300%26mw%3D1920%26q%3D90%26url%3Dhttps%3A%2F%2Fmagicworksitsolutions.com%2Fwp-content%2Fuploads%2F2026%2F05%2F48-to-12-AI-Shutdown-Discipline.webp&w=3840&q=75","image/jpeg","200","OK","Indexable","","","286","","https://magicworksitsolutions.com/_next/image?url=https%3A%2F%2Fimages.berqwp.com%2F%3Fdomain%3Dmagicworksitsolutions.com%26w%3D300%26mw%3D1920%26q%3D90%26url%3Dhttps%253A%252F%252Fmagicworksitsolutions.com%252Fwp-content%252Fuploads%252F2026%252F05%252F48-to-12-AI-Shutdown-Discipline.webp&w=3840&q=75"
"https://magicworksitsolutions.com/insights/why-strategic-digital-marketing-firms-are-critical-for-business-success","text/html","308","Permanent Redirect","Non-Indexable","Redirected","","114","","https://magicworksitsolutions.com/insights/why-strategic-digital-marketing-firms-are-critical-for-business-success"
"https://magicworksitsolutions.com/_next/image?url=https%3A%2F%2Fimages.berqwp.com%2F%3Fdomain%3Dmagicworksitsolutions.com%26w%3D300%26mw%3D1920%26q%3D90%26url%3Dhttps%3A%2F%2Fmagicworksitsolutions.com%2Fwp-content%2Fuploads%2F2026%2F05%2FIndian-AI-Investment-Budget-Tiers.webp&w=3840&q=75","image/webp","200","OK","Indexable","","","288","","https://magicworksitsolutions.com/_next/image?url=https%3A%2F%2Fimages.berqwp.com%2F%3Fdomain%3Dmagicworksitsolutions.com%26w%3D300%26mw%3D1920%26q%3D90%26url%3Dhttps%253A%252F%252Fmagicworksitsolutions.com%252Fwp-content%252Fuploads%252F2026%252F05%252FIndian-AI-Investment-Budget-Tiers.webp&w=3840&q=75"
"https://magicworksitsolutions.com/insights/the-ultimate-guide-to-hiring-the-best-digital-marketing-agency","text/html","308","Permanent Redirect","Non-Indexable","Redirected","","105","","https://magicworksitsolutions.com/insights/the-ultimate-guide-to-hiring-the-best-digital-marketing-agency"
"https://magicworksitsolutions.com/insights/how-performance-marketing-agencies-help-brands-move-from-spend-to-scale","text/html","308","Permanent Redirect","Non-Indexable","Redirected","","114","","https://magicworksitsolutions.com/insights/how-performance-marketing-agencies-help-brands-move-from-spend-to-scale"
"https://magicworksitsolutions.com/insights/the-startups-digital-rewire-how-a-top-digital-marketing-company-fuels-sustainable-growth","text/html","308","Permanent Redirect","Non-Indexable","Redirected","","131","","https://magicworksitsolutions.com/insights/the-startups-digital-rewire-how-a-top-digital-marketing-company-fuels-sustainable-growth"
"https://magicworksitsolutions.com/insights/pune-businesses-ai-social-media-traditional-agencies-2026","text/html","308","Permanent Redirect","Non-Indexable","Redirected","","100","","https://magicworksitsolutions.com/insights/pune-businesses-ai-social-media-traditional-agencies-2026"
"https://magicworksitsolutions.com/insights/website-development-cost-india","text/html","308","Permanent Redirect","Non-Indexable","Redirected","","73","","https://magicworksitsolutions.com/insights/website-development-cost-india"
"https://magicworksitsolutions.com/insights/search-engine-marketing-b2b-google-ads-mistakes","text/html","308","Permanent Redirect","Non-Indexable","Redirected","","90","","https://magicworksitsolutions.com/insights/search-engine-marketing-b2b-google-ads-mistakes"
"https://magicworksitsolutions.com/insights/the-foundation-of-digital-success-strategic-web-design-development","text/html","308","Permanent Redirect","Non-Indexable","Redirected","","109","","https://magicworksitsolutions.com/insights/the-foundation-of-digital-success-strategic-web-design-development"
"https://magicworksitsolutions.com/insights/transform-your-online-presence-with-website-development-solutions-tailored-for-shopify","text/html","308","Permanent Redirect","Non-Indexable","Redirected","","129","","https://magicworksitsolutions.com/insights/transform-your-online-presence-with-website-development-solutions-tailored-for-shopify"
"https://magicworksitsolutions.com/_next/image?url=https%3A%2F%2Fimages.berqwp.com%2F%3Fdomain%3Dmagicworksitsolutions.com%26w%3D300%26mw%3D1920%26q%3D90%26url%3Dhttps%3A%2F%2Fmagicworksitsolutions.com%2Fwp-content%2Fuploads%2F2026%2F05%2Fgoogle-ads-ai-max-90-day-migration-plan-timeline.webp&w=3840&q=75","image/jpeg","200","OK","Indexable","","","303","","https://magicworksitsolutions.com/_next/image?url=https%3A%2F%2Fimages.berqwp.com%2F%3Fdomain%3Dmagicworksitsolutions.com%26w%3D300%26mw%3D1920%26q%3D90%26url%3Dhttps%253A%252F%252Fmagicworksitsolutions.com%252Fwp-content%252Fuploads%252F2026%252F05%252Fgoogle-ads-ai-max-90-day-migration-plan-timeline.webp&w=3840&q=75"
"https://magicworksitsolutions.com/insights/beyond-code-what-sets-top-web-development-agencies-apart-from-the-rest","text/html","308","Permanent Redirect","Non-Indexable","Redirected","","113","","https://magicworksitsolutions.com/insights/beyond-code-what-sets-top-web-development-agencies-apart-from-the-rest"
"https://magicworksitsolutions.com/insights/4-proven-methods-to-increase-your-website-conversions","text/html","308","Permanent Redirect","Non-Indexable","Redirected","","96","","https://magicworksitsolutions.com/insights/4-proven-methods-to-increase-your-website-conversions"
"https://magicworksitsolutions.com/_next/image?url=https%3A%2F%2Fimages.berqwp.com%2F%3Fdomain%3Dmagicworksitsolutions.com%26w%3D300%26mw%3D1920%26q%3D90%26url%3Dhttps%3A%2F%2Fmagicworksitsolutions.com%2Fwp-content%2Fuploads%2F2026%2F05%2Fai-max-search-independent-testing-results-2026.webp&w=3840&q=75","image/jpeg","200","OK","Indexable","","","301","","https://magicworksitsolutions.com/_next/image?url=https%3A%2F%2Fimages.berqwp.com%2F%3Fdomain%3Dmagicworksitsolutions.com%26w%3D300%26mw%3D1920%26q%3D90%26url%3Dhttps%253A%252F%252Fmagicworksitsolutions.com%252Fwp-content%252Fuploads%252F2026%252F05%252Fai-max-search-independent-testing-results-2026.webp&w=3840&q=75"
"https://magicworksitsolutions.com/_next/image?url=https%3A%2F%2Fimages.berqwp.com%2F%3Fdomain%3Dmagicworksitsolutions.com%26w%3D300%26mw%3D1920%26q%3D90%26url%3Dhttps%3A%2F%2Fmagicworksitsolutions.com%2Fwp-content%2Fuploads%2F2026%2F05%2Fprobability-weighted-ai-cost.webp&w=3840&q=75","image/avif","200","OK","Indexable","","","283","","https://magicworksitsolutions.com/_next/image?url=https%3A%2F%2Fimages.berqwp.com%2F%3Fdomain%3Dmagicworksitsolutions.com%26w%3D300%26mw%3D1920%26q%3D90%26url%3Dhttps%253A%252F%252Fmagicworksitsolutions.com%252Fwp-content%252Fuploads%252F2026%252F05%252Fprobability-weighted-ai-cost.webp&w=3840&q=75"
"https://magicworksitsolutions.com/_next/image?url=https%3A%2F%2Fimages.berqwp.com%2F%3Fdomain%3Dmagicworksitsolutions.com%26w%3D300%26mw%3D1920%26q%3D90%26url%3Dhttps%3A%2F%2Fmagicworksitsolutions.com%2Fwp-content%2Fuploads%2F2026%2F05%2Fgoogle-ai-overviews-india-january-2026-launch-countries.webp&w=3840&q=75","image/jpeg","200","OK","Indexable","","","310","","https://magicworksitsolutions.com/_next/image?url=https%3A%2F%2Fimages.berqwp.com%2F%3Fdomain%3Dmagicworksitsolutions.com%26w%3D300%26mw%3D1920%26q%3D90%26url%3Dhttps%253A%252F%252Fmagicworksitsolutions.com%252Fwp-content%252Fuploads%252F2026%252F05%252Fgoogle-ai-overviews-india-january-2026-launch-countries.webp&w=3840&q=75"
"https://magicworksitsolutions.com/_next/image?url=https%3A%2F%2Fcdn.sanity.io%2Fimages%2Fwa86etuq%2Fproduction%2Fac08a674e7e1516369a58804bc5153f59f8a70be-400x400.heif&w=96&q=75","image/jpeg","200","OK","Indexable","","","176","","https://magicworksitsolutions.com/_next/image?url=https%3A%2F%2Fcdn.sanity.io%2Fimages%2Fwa86etuq%2Fproduction%2Fac08a674e7e1516369a58804bc5153f59f8a70be-400x400.heif&w=96&q=75"
"https://magicworksitsolutions.com/_next/image?url=https%3A%2F%2Fcdn.sanity.io%2Fimages%2Fwa86etuq%2Fproduction%2Fac08a674e7e1516369a58804bc5153f59f8a70be-400x400.heif&w=128&q=75","image/jpeg","200","OK","Indexable","","","177","","https://magicworksitsolutions.com/_next/image?url=https%3A%2F%2Fcdn.sanity.io%2Fimages%2Fwa86etuq%2Fproduction%2Fac08a674e7e1516369a58804bc5153f59f8a70be-400x400.heif&w=128&q=75"
"https://magicworksitsolutions.com/insights/indian-b2b-marketing-strategy-gap-explained","text/html","308","Permanent Redirect","Non-Indexable","Redirected","","86","","https://magicworksitsolutions.com/insights/indian-b2b-marketing-strategy-gap-explained"
"https://magicworksitsolutions.com/insights/the-essential-guide-to-social-media-marketing-dos-and-donts","text/html","308","Permanent Redirect","Non-Indexable","Redirected","","102","","https://magicworksitsolutions.com/insights/the-essential-guide-to-social-media-marketing-dos-and-donts"
"https://magicworksitsolutions.com/_next/image?url=https%3A%2F%2Fimages.berqwp.com%2F%3Fdomain%3Dmagicworksitsolutions.com%26w%3D300%26mw%3D1920%26q%3D90%26url%3Dhttps%3A%2F%2Fmagicworksitsolutions.com%2Fwp-content%2Fuploads%2F2026%2F05%2Fai-cost-iceberg.webp&w=3840&q=75","image/jpeg","200","OK","Indexable","","","270","","https://magicworksitsolutions.com/_next/image?url=https%3A%2F%2Fimages.berqwp.com%2F%3Fdomain%3Dmagicworksitsolutions.com%26w%3D300%26mw%3D1920%26q%3D90%26url%3Dhttps%253A%252F%252Fmagicworksitsolutions.com%252Fwp-content%252Fuploads%252F2026%252F05%252Fai-cost-iceberg.webp&w=3840&q=75"
"https://magicworksitsolutions.com/_next/image?url=https%3A%2F%2Fimages.berqwp.com%2F%3Fdomain%3Dmagicworksitsolutions.com%26w%3D300%26mw%3D1920%26q%3D90%26url%3Dhttps%3A%2F%2Fmagicworksitsolutions.com%2Fwp-content%2Fuploads%2F2026%2F05%2Fhubspot-vs-salesforce-tco.webp&w=3840&q=75","image/avif","200","OK","Indexable","","","280","","https://magicworksitsolutions.com/_next/image?url=https%3A%2F%2Fimages.berqwp.com%2F%3Fdomain%3Dmagicworksitsolutions.com%26w%3D300%26mw%3D1920%26q%3D90%26url%3Dhttps%253A%252F%252Fmagicworksitsolutions.com%252Fwp-content%252Fuploads%252F2026%252F05%252Fhubspot-vs-salesforce-tco.webp&w=3840&q=75"
"https://magicworksitsolutions.com/insights/social-media-marketing-company-pune-2026","text/html","308","Permanent Redirect","Non-Indexable","Redirected","","83","","https://magicworksitsolutions.com/insights/social-media-marketing-company-pune-2026"
"https://magicworksitsolutions.com/insights/how-ai-transforms-performance-marketing-for-scalable-growth","text/html","308","Permanent Redirect","Non-Indexable","Redirected","","102","","https://magicworksitsolutions.com/insights/how-ai-transforms-performance-marketing-for-scalable-growth"
"https://magicworksitsolutions.com/blog/the-complete-guide-to-hiring-a-digital-marketing-agency-in-india-2026","text/html","308","Permanent Redirect","Non-Indexable","Redirected","","108","","https://magicworksitsolutions.com/blog/the-complete-guide-to-hiring-a-digital-marketing-agency-in-india-2026"
"https://magicworksitsolutions.com/blog/how-to-hire-a-digital-marketing-agency-india","text/html","308","Permanent Redirect","Non-Indexable","Redirected","","83","","https://magicworksitsolutions.com/blog/how-to-hire-a-digital-marketing-agency-india"
"https://magicworksitsolutions.com/_next/image?url=https%3A%2F%2Fimages.berqwp.com%2F%3Fdomain%3Dmagicworksitsolutions.com%26w%3D300%26mw%3D1920%26q%3D90%26url%3Dhttps%3A%2F%2Fmagicworksitsolutions.com%2Fwp-content%2Fuploads%2F2026%2F05%2F5-use-case-comparison-matrix.webp&w=3840&q=75","image/webp","200","OK","Indexable","","","283","","https://magicworksitsolutions.com/_next/image?url=https%3A%2F%2Fimages.berqwp.com%2F%3Fdomain%3Dmagicworksitsolutions.com%26w%3D300%26mw%3D1920%26q%3D90%26url%3Dhttps%253A%252F%252Fmagicworksitsolutions.com%252Fwp-content%252Fuploads%252F2026%252F05%252F5-use-case-comparison-matrix.webp&w=3840&q=75"
"https://magicworksitsolutions.com/authors/swapnil-ughade","text/html; charset=utf-8","200","OK","Indexable","","f0ce886b5009e5314e0ae262d51fecf9","56","https://magicworksitsolutions.com/authors/swapnil-ughade","https://magicworksitsolutions.com/authors/swapnil-ughade"
"https://magicworksitsolutions.com/insights/google-ai-mode-india-advertisers-2026","text/html","308","Permanent Redirect","Non-Indexable","Redirected","","80","","https://magicworksitsolutions.com/insights/google-ai-mode-india-advertisers-2026"
"https://magicworksitsolutions.com/insights/geo-for-indian-businesses-2026","text/html","308","Permanent Redirect","Non-Indexable","Redirected","","73","","https://magicworksitsolutions.com/insights/geo-for-indian-businesses-2026"
"https://magicworksitsolutions.com/insights/ai-investment-framework-indian-ceos-marketing-sales-2026","text/html","308","Permanent Redirect","Non-Indexable","Redirected","","99","","https://magicworksitsolutions.com/insights/ai-investment-framework-indian-ceos-marketing-sales-2026"
"https://magicworksitsolutions.com/_next/image?url=https%3A%2F%2Fimages.berqwp.com%2F%3Fdomain%3Dmagicworksitsolutions.com%26w%3D300%26mw%3D1920%26q%3D90%26url%3Dhttps%3A%2F%2Fmagicworksitsolutions.com%2Fwp-content%2Fuploads%2F2026%2F05%2Fgeo-indian-businesses-2026-hero.webp&w=256&q=75","image/jpeg","200","OK","Indexable","","","285","","https://magicworksitsolutions.com/_next/image?url=https%3A%2F%2Fimages.berqwp.com%2F%3Fdomain%3Dmagicworksitsolutions.com%26w%3D300%26mw%3D1920%26q%3D90%26url%3Dhttps%253A%252F%252Fmagicworksitsolutions.com%252Fwp-content%252Fuploads%252F2026%252F05%252Fgeo-indian-businesses-2026-hero.webp&w=256&q=75"
"https://magicworksitsolutions.com/insights/real-cost-of-ai-indian-marketing-sales-2026","text/html","308","Permanent Redirect","Non-Indexable","Redirected","","86","","https://magicworksitsolutions.com/insights/real-cost-of-ai-indian-marketing-sales-2026"
"https://magicworksitsolutions.com/insights/ai-lead-qualification-b2b-india-sales-heads-2026","text/html","308","Permanent Redirect","Non-Indexable","Redirected","","91","","https://magicworksitsolutions.com/insights/ai-lead-qualification-b2b-india-sales-heads-2026"
"https://magicworksitsolutions.com/_next/image?url=https%3A%2F%2Fcdn.sanity.io%2Fimages%2Fwa86etuq%2Fproduction%2Fac08a674e7e1516369a58804bc5153f59f8a70be-400x400.heif&w=256&q=75","image/jpeg","200","OK","Indexable","","","177","","https://magicworksitsolutions.com/_next/image?url=https%3A%2F%2Fcdn.sanity.io%2Fimages%2Fwa86etuq%2Fproduction%2Fac08a674e7e1516369a58804bc5153f59f8a70be-400x400.heif&w=256&q=75"
"https://magicworksitsolutions.com/_next/image?url=https%3A%2F%2Fimages.berqwp.com%2F%3Fdomain%3Dmagicworksitsolutions.com%26w%3D300%26mw%3D1920%26q%3D90%26url%3Dhttps%3A%2F%2Fmagicworksitsolutions.com%2Fwp-content%2Fuploads%2F2026%2F05%2FAI-Investment-Decision-Framework-Hero.webp&w=256&q=75","image/jpeg","200","OK","Indexable","","","291","","https://magicworksitsolutions.com/_next/image?url=https%3A%2F%2Fimages.berqwp.com%2F%3Fdomain%3Dmagicworksitsolutions.com%26w%3D300%26mw%3D1920%26q%3D90%26url%3Dhttps%253A%252F%252Fmagicworksitsolutions.com%252Fwp-content%252Fuploads%252F2026%252F05%252FAI-Investment-Decision-Framework-Hero.webp&w=256&q=75"
"https://magicworksitsolutions.com/_next/image?url=https%3A%2F%2Fcdn.sanity.io%2Fimages%2Fwa86etuq%2Fproduction%2F7d71fe7604115c5433afbadcb5262d67d727143c-2500x1000.webp&w=256&q=75","image/jpeg","200","OK","Indexable","","","179","","https://magicworksitsolutions.com/_next/image?url=https%3A%2F%2Fcdn.sanity.io%2Fimages%2Fwa86etuq%2Fproduction%2F7d71fe7604115c5433afbadcb5262d67d727143c-2500x1000.webp&w=256&q=75"
"https://magicworksitsolutions.com/_next/image?url=https%3A%2F%2Fimages.berqwp.com%2F%3Fdomain%3Dmagicworksitsolutions.com%26w%3D300%26mw%3D1920%26q%3D90%26url%3Dhttps%3A%2F%2Fmagicworksitsolutions.com%2Fwp-content%2Fuploads%2F2026%2F05%2Fgoogle-ai-mode-india-90-day-plan-2026.webp&w=256&q=75","image/jpeg","200","OK","Indexable","","","291","","https://magicworksitsolutions.com/_next/image?url=https%3A%2F%2Fimages.berqwp.com%2F%3Fdomain%3Dmagicworksitsolutions.com%26w%3D300%26mw%3D1920%26q%3D90%26url%3Dhttps%253A%252F%252Fmagicworksitsolutions.com%252Fwp-content%252Fuploads%252F2026%252F05%252Fgoogle-ai-mode-india-90-day-plan-2026.webp&w=256&q=75"
"https://magicworksitsolutions.com/_next/image?url=https%3A%2F%2Fcdn.sanity.io%2Fimages%2Fwa86etuq%2Fproduction%2F9fcc6fad23fd9449582e0e2d3a3b5bc976d0ef21-2500x1000.jpg&w=256&q=75","image/jpeg","200","OK","Indexable","","","178","","https://magicworksitsolutions.com/_next/image?url=https%3A%2F%2Fcdn.sanity.io%2Fimages%2Fwa86etuq%2Fproduction%2F9fcc6fad23fd9449582e0e2d3a3b5bc976d0ef21-2500x1000.jpg&w=256&q=75"
"https://magicworksitsolutions.com/insights/ai-social-media-services-vs-traditional-agencies-2026","text/html","308","Permanent Redirect","Non-Indexable","Redirected","","96","","https://magicworksitsolutions.com/insights/ai-social-media-services-vs-traditional-agencies-2026"
